,ssim,filename1,label1,set_type1,loc1,filename2,label2,set_type2,loc2
0,0.9966592192649841,d9500395-1afa-4b21-9f93-92fa4c205052.jpg,ulcerative-colitis-grade-1,Train,hyper-kvasir\labeled-images\lower-gi-tract\pathological-findings\ulcerative-colitis-grade-1,ba2d6327-80f2-4ba1-afb5-f432a0e56aa5.jpg,ulcerative-colitis-grade-2,Train,hyper-kvasir\labeled-images\lower-gi-tract\pathological-findings\ulcerative-colitis-grade-2
1,0.9952036738395691,a773a269-2c3b-4e0f-b08b-6f38be28f459.jpg,ulcerative-colitis-grade-1,Validation,hyper-kvasir\labeled-images\lower-gi-tract\pathological-findings\ulcerative-colitis-grade-1,3310f409-edcd-4e42-91a2-7ed7f4f1f819.jpg,ulcerative-colitis-grade-2,Train,hyper-kvasir\labeled-images\lower-gi-tract\pathological-findings\ulcerative-colitis-grade-2
2,0.9441774487495422,e02abbaf-93d7-4a05-98c8-743b260d9eb4.jpg,bbps-0-1,Train,hyper-kvasir\labeled-images\lower-gi-tract\quality-of-mucosal-views\bbps-0-1,1d8c657e-1438-4a73-8190-affdcf3ff0a5.jpg,impacted-stool,Validation,hyper-kvasir\labeled-images\lower-gi-tract\quality-of-mucosal-views\impacted-stool
3,0.9410325884819031,5970ef32-70cb-425b-acae-5289c0c6b368.jpg,bbps-2-3,Train,hyper-kvasir\labeled-images\lower-gi-tract\quality-of-mucosal-views\bbps-2-3,dcad5777-a0ee-479f-844b-fd5043522887.jpg,impacted-stool,Train,hyper-kvasir\labeled-images\lower-gi-tract\quality-of-mucosal-views\impacted-stool
4,0.9259743094444275,259ed483-adda-442c-9b60-65fea6d56662.jpg,bbps-2-3,Validation,hyper-kvasir\labeled-images\lower-gi-tract\quality-of-mucosal-views\bbps-2-3,937acf17-9678-4769-96a0-253328036d59.jpg,impacted-stool,Train,hyper-kvasir\labeled-images\lower-gi-tract\quality-of-mucosal-views\impacted-stool
5,0.9221586585044861,72911464-ee8e-4c89-b6ce-056bf9389dec.jpg,bbps-2-3,Train,hyper-kvasir\labeled-images\lower-gi-tract\quality-of-mucosal-views\bbps-2-3,804c5c03-89ce-4118-b38c-c18ea3a94a64.jpg,impacted-stool,Validation,hyper-kvasir\labeled-images\lower-gi-tract\quality-of-mucosal-views\impacted-stool
9,0.9146575331687927,5970ef32-70cb-425b-acae-5289c0c6b368.jpg,bbps-2-3,Train,hyper-kvasir\labeled-images\lower-gi-tract\quality-of-mucosal-views\bbps-2-3,2ee7e342-cf13-4782-9f24-5189da9c33a1.jpg,impacted-stool,Validation,hyper-kvasir\labeled-images\lower-gi-tract\quality-of-mucosal-views\impacted-stool
6,0.9094152450561523,c92006c0-bbf7-446a-a624-b2d19c670d56.jpg,bbps-2-3,Validation,hyper-kvasir\labeled-images\lower-gi-tract\quality-of-mucosal-views\bbps-2-3,2f033abb-5900-43b1-a285-7780d6e54564.jpg,impacted-stool,Train,hyper-kvasir\labeled-images\lower-gi-tract\quality-of-mucosal-views\impacted-stool
8,0.9075329899787903,88fc65c6-157a-4dc6-8721-fecd86ec075f.jpg,bbps-0-1,Validation,hyper-kvasir\labeled-images\lower-gi-tract\quality-of-mucosal-views\bbps-0-1,75676104-8f5e-493c-b88f-d36f7d686768.jpg,bbps-2-3,Train,hyper-kvasir\labeled-images\lower-gi-tract\quality-of-mucosal-views\bbps-2-3
10,0.9073066711425781,de7730a6-a08f-48fb-b202-3c96676a1839.jpg,bbps-0-1,Validation,hyper-kvasir\labeled-images\lower-gi-tract\quality-of-mucosal-views\bbps-0-1,93a06ea4-d36b-4b89-902d-c7883223ad0b.jpg,bbps-2-3,Validation,hyper-kvasir\labeled-images\lower-gi-tract\quality-of-mucosal-views\bbps-2-3
13,0.9056832194328308,5970ef32-70cb-425b-acae-5289c0c6b368.jpg,bbps-2-3,Train,hyper-kvasir\labeled-images\lower-gi-tract\quality-of-mucosal-views\bbps-2-3,0d2dab27-7dde-4f7a-b0f7-0f4e3bfca975.jpg,impacted-stool,Train,hyper-kvasir\labeled-images\lower-gi-tract\quality-of-mucosal-views\impacted-stool
12,0.9030941128730774,5970ef32-70cb-425b-acae-5289c0c6b368.jpg,bbps-2-3,Train,hyper-kvasir\labeled-images\lower-gi-tract\quality-of-mucosal-views\bbps-2-3,1fa5f21c-2e80-4366-b379-deae9cbeebf1.jpg,impacted-stool,Train,hyper-kvasir\labeled-images\lower-gi-tract\quality-of-mucosal-views\impacted-stool
7,0.8999465107917786,8d0b50a1-9307-4f4c-9a2c-8e961ab9f3a6.jpg,bbps-0-1,Train,hyper-kvasir\labeled-images\lower-gi-tract\quality-of-mucosal-views\bbps-0-1,b7417813-ba6f-4956-a2a3-c7f3b7cd67b2.jpg,bbps-2-3,Validation,hyper-kvasir\labeled-images\lower-gi-tract\quality-of-mucosal-views\bbps-2-3
11,0.8990195393562317,e02abbaf-93d7-4a05-98c8-743b260d9eb4.jpg,bbps-0-1,Train,hyper-kvasir\labeled-images\lower-gi-tract\quality-of-mucosal-views\bbps-0-1,e7ac8802-7b5d-4414-9d18-5c94dad28f84.jpg,bbps-2-3,Train,hyper-kvasir\labeled-images\lower-gi-tract\quality-of-mucosal-views\bbps-2-3
14,0.8972713351249695,3de25207-45ec-42b3-9b3f-b93271250ca6.jpg,bbps-2-3,Train,hyper-kvasir\labeled-images\lower-gi-tract\quality-of-mucosal-views\bbps-2-3,a5e7b6f1-f4fd-4ba4-a1bf-786a88b52c55.jpg,impacted-stool,Validation,hyper-kvasir\labeled-images\lower-gi-tract\quality-of-mucosal-views\impacted-stool
16,0.888617992401123,b4f37021-de60-49b8-a848-17bbdaff3485.jpg,bbps-2-3,Train,hyper-kvasir\labeled-images\lower-gi-tract\quality-of-mucosal-views\bbps-2-3,6f1c4143-a234-4980-abaf-c97eb9584c36.jpg,impacted-stool,Validation,hyper-kvasir\labeled-images\lower-gi-tract\quality-of-mucosal-views\impacted-stool
15,0.8852448463439941,6cfa0845-ecd1-4d8a-8075-0490c8e74e9f.jpg,bbps-2-3,Train,hyper-kvasir\labeled-images\lower-gi-tract\quality-of-mucosal-views\bbps-2-3,66a4e495-d7e7-44dd-9c4b-28c331da5007.jpg,impacted-stool,Validation,hyper-kvasir\labeled-images\lower-gi-tract\quality-of-mucosal-views\impacted-stool
20,0.8822750449180603,c92006c0-bbf7-446a-a624-b2d19c670d56.jpg,bbps-2-3,Validation,hyper-kvasir\labeled-images\lower-gi-tract\quality-of-mucosal-views\bbps-2-3,56157cd5-6cd6-4b5d-a2ab-abbf4111c7b4.jpg,impacted-stool,Validation,hyper-kvasir\labeled-images\lower-gi-tract\quality-of-mucosal-views\impacted-stool
21,0.8801317811012268,11e7855f-436f-4e79-b77d-8a9b31f25ba5.jpg,bbps-2-3,Train,hyper-kvasir\labeled-images\lower-gi-tract\quality-of-mucosal-views\bbps-2-3,6f1c4143-a234-4980-abaf-c97eb9584c36.jpg,impacted-stool,Validation,hyper-kvasir\labeled-images\lower-gi-tract\quality-of-mucosal-views\impacted-stool
17,0.8794927000999451,e7ac8802-7b5d-4414-9d18-5c94dad28f84.jpg,bbps-2-3,Train,hyper-kvasir\labeled-images\lower-gi-tract\quality-of-mucosal-views\bbps-2-3,1d8c657e-1438-4a73-8190-affdcf3ff0a5.jpg,impacted-stool,Validation,hyper-kvasir\labeled-images\lower-gi-tract\quality-of-mucosal-views\impacted-stool
18,0.8714483380317688,c92006c0-bbf7-446a-a624-b2d19c670d56.jpg,bbps-2-3,Validation,hyper-kvasir\labeled-images\lower-gi-tract\quality-of-mucosal-views\bbps-2-3,d4c82e6f-97f1-4ce6-be17-b9f48cfc1dc5.jpg,impacted-stool,Validation,hyper-kvasir\labeled-images\lower-gi-tract\quality-of-mucosal-views\impacted-stool
31,0.8683753609657288,5970ef32-70cb-425b-acae-5289c0c6b368.jpg,bbps-2-3,Train,hyper-kvasir\labeled-images\lower-gi-tract\quality-of-mucosal-views\bbps-2-3,60d37b08-9a98-4c86-afc5-049853fec883.jpg,impacted-stool,Validation,hyper-kvasir\labeled-images\lower-gi-tract\quality-of-mucosal-views\impacted-stool
43,0.8658750057220459,5970ef32-70cb-425b-acae-5289c0c6b368.jpg,bbps-2-3,Train,hyper-kvasir\labeled-images\lower-gi-tract\quality-of-mucosal-views\bbps-2-3,2cdee9ea-aa4a-4806-972f-27f6b369873c.jpg,impacted-stool,Validation,hyper-kvasir\labeled-images\lower-gi-tract\quality-of-mucosal-views\impacted-stool
28,0.8637567162513733,99dc0e14-8e9c-40a3-ac24-5c390f43fc5f.jpg,bbps-2-3,Validation,hyper-kvasir\labeled-images\lower-gi-tract\quality-of-mucosal-views\bbps-2-3,d5010b06-9ad9-4478-8c12-34caf0510d5e.jpg,impacted-stool,Train,hyper-kvasir\labeled-images\lower-gi-tract\quality-of-mucosal-views\impacted-stool
25,0.8629164695739746,4b398223-62e8-43e7-8959-b422a2915d7d.jpg,bbps-0-1,Validation,hyper-kvasir\labeled-images\lower-gi-tract\quality-of-mucosal-views\bbps-0-1,9929680f-e3cf-48fd-8f9c-40c89b7c773a.jpg,bbps-2-3,Validation,hyper-kvasir\labeled-images\lower-gi-tract\quality-of-mucosal-views\bbps-2-3
22,0.8625984191894531,259ed483-adda-442c-9b60-65fea6d56662.jpg,bbps-2-3,Validation,hyper-kvasir\labeled-images\lower-gi-tract\quality-of-mucosal-views\bbps-2-3,a5e7b6f1-f4fd-4ba4-a1bf-786a88b52c55.jpg,impacted-stool,Validation,hyper-kvasir\labeled-images\lower-gi-tract\quality-of-mucosal-views\impacted-stool
33,0.8615140318870544,3de25207-45ec-42b3-9b3f-b93271250ca6.jpg,bbps-2-3,Train,hyper-kvasir\labeled-images\lower-gi-tract\quality-of-mucosal-views\bbps-2-3,937acf17-9678-4769-96a0-253328036d59.jpg,impacted-stool,Train,hyper-kvasir\labeled-images\lower-gi-tract\quality-of-mucosal-views\impacted-stool
27,0.861421525478363,9f250a27-dc85-493a-8b43-2628471c557a.jpg,bbps-0-1,Validation,hyper-kvasir\labeled-images\lower-gi-tract\quality-of-mucosal-views\bbps-0-1,2a24e321-e5ee-4897-af41-de8f448931d4.jpg,bbps-2-3,Validation,hyper-kvasir\labeled-images\lower-gi-tract\quality-of-mucosal-views\bbps-2-3
35,0.8595059514045715,5970ef32-70cb-425b-acae-5289c0c6b368.jpg,bbps-2-3,Train,hyper-kvasir\labeled-images\lower-gi-tract\quality-of-mucosal-views\bbps-2-3,d4c82e6f-97f1-4ce6-be17-b9f48cfc1dc5.jpg,impacted-stool,Validation,hyper-kvasir\labeled-images\lower-gi-tract\quality-of-mucosal-views\impacted-stool
26,0.8594515919685364,9f250a27-dc85-493a-8b43-2628471c557a.jpg,bbps-0-1,Validation,hyper-kvasir\labeled-images\lower-gi-tract\quality-of-mucosal-views\bbps-0-1,b4840d87-01ee-4b1c-9dfa-4cbdabce06cb.jpg,bbps-2-3,Train,hyper-kvasir\labeled-images\lower-gi-tract\quality-of-mucosal-views\bbps-2-3
24,0.859006941318512,e02abbaf-93d7-4a05-98c8-743b260d9eb4.jpg,bbps-0-1,Train,hyper-kvasir\labeled-images\lower-gi-tract\quality-of-mucosal-views\bbps-0-1,b6bf4497-e4c2-4568-9cc8-d010544de5aa.jpg,bbps-2-3,Train,hyper-kvasir\labeled-images\lower-gi-tract\quality-of-mucosal-views\bbps-2-3
37,0.8584563732147217,de7730a6-a08f-48fb-b202-3c96676a1839.jpg,bbps-0-1,Validation,hyper-kvasir\labeled-images\lower-gi-tract\quality-of-mucosal-views\bbps-0-1,2b0b3297-fbe6-4912-accc-344515c30fe3.jpg,bbps-2-3,Validation,hyper-kvasir\labeled-images\lower-gi-tract\quality-of-mucosal-views\bbps-2-3
30,0.8582639694213867,bfded792-7135-4d94-95d8-a17168651091.jpg,bbps-2-3,Validation,hyper-kvasir\labeled-images\lower-gi-tract\quality-of-mucosal-views\bbps-2-3,b144416f-a49f-4a97-bc3f-d74a40dfe03e.jpg,impacted-stool,Train,hyper-kvasir\labeled-images\lower-gi-tract\quality-of-mucosal-views\impacted-stool
19,0.8582639098167419,54bf7a57-0234-42ef-9855-eee6fa9b5524.jpg,bbps-0-1,Train,hyper-kvasir\labeled-images\lower-gi-tract\quality-of-mucosal-views\bbps-0-1,b7417813-ba6f-4956-a2a3-c7f3b7cd67b2.jpg,bbps-2-3,Validation,hyper-kvasir\labeled-images\lower-gi-tract\quality-of-mucosal-views\bbps-2-3
29,0.8572006225585938,b39c386a-1628-4950-b2e5-afbfb8fea1c3.jpg,bbps-2-3,Train,hyper-kvasir\labeled-images\lower-gi-tract\quality-of-mucosal-views\bbps-2-3,2c5b7431-d951-430b-9a60-95242bc724f9.jpg,impacted-stool,Validation,hyper-kvasir\labeled-images\lower-gi-tract\quality-of-mucosal-views\impacted-stool
36,0.8566191792488098,860a3f9a-3a52-4ad6-ba9d-0d209c294013.jpg,bbps-2-3,Train,hyper-kvasir\labeled-images\lower-gi-tract\quality-of-mucosal-views\bbps-2-3,78fcc85d-42ef-41ec-8d06-c048e9d95c1f.jpg,impacted-stool,Validation,hyper-kvasir\labeled-images\lower-gi-tract\quality-of-mucosal-views\impacted-stool
40,0.8536561131477356,de7730a6-a08f-48fb-b202-3c96676a1839.jpg,bbps-0-1,Validation,hyper-kvasir\labeled-images\lower-gi-tract\quality-of-mucosal-views\bbps-0-1,27b533bd-b6d2-4737-92bc-684cee7eec91.jpg,bbps-2-3,Train,hyper-kvasir\labeled-images\lower-gi-tract\quality-of-mucosal-views\bbps-2-3
42,0.8519442081451416,11e7855f-436f-4e79-b77d-8a9b31f25ba5.jpg,bbps-2-3,Train,hyper-kvasir\labeled-images\lower-gi-tract\quality-of-mucosal-views\bbps-2-3,5a43c182-4009-411a-82a2-0c147f20af3f.jpg,impacted-stool,Validation,hyper-kvasir\labeled-images\lower-gi-tract\quality-of-mucosal-views\impacted-stool
32,0.851593017578125,310c03fe-12a4-4461-8fa8-3f488d34e9d5.jpg,bbps-2-3,Validation,hyper-kvasir\labeled-images\lower-gi-tract\quality-of-mucosal-views\bbps-2-3,0cafab70-d514-45d5-b999-8d7bfb8cbe5e.jpg,impacted-stool,Train,hyper-kvasir\labeled-images\lower-gi-tract\quality-of-mucosal-views\impacted-stool
34,0.8508626818656921,b39c386a-1628-4950-b2e5-afbfb8fea1c3.jpg,bbps-2-3,Train,hyper-kvasir\labeled-images\lower-gi-tract\quality-of-mucosal-views\bbps-2-3,db798308-9faa-454b-97a8-bb8188c4f08f.jpg,impacted-stool,Train,hyper-kvasir\labeled-images\lower-gi-tract\quality-of-mucosal-views\impacted-stool
38,0.850246250629425,c92006c0-bbf7-446a-a624-b2d19c670d56.jpg,bbps-2-3,Validation,hyper-kvasir\labeled-images\lower-gi-tract\quality-of-mucosal-views\bbps-2-3,60d37b08-9a98-4c86-afc5-049853fec883.jpg,impacted-stool,Validation,hyper-kvasir\labeled-images\lower-gi-tract\quality-of-mucosal-views\impacted-stool
39,0.8483965992927551,b6bf4497-e4c2-4568-9cc8-d010544de5aa.jpg,bbps-2-3,Train,hyper-kvasir\labeled-images\lower-gi-tract\quality-of-mucosal-views\bbps-2-3,1d8c657e-1438-4a73-8190-affdcf3ff0a5.jpg,impacted-stool,Validation,hyper-kvasir\labeled-images\lower-gi-tract\quality-of-mucosal-views\impacted-stool
45,0.8385365605354309,60dcee58-aa03-4be9-8382-9f65f0f20581.jpg,bbps-0-1,Validation,hyper-kvasir\labeled-images\lower-gi-tract\quality-of-mucosal-views\bbps-0-1,75676104-8f5e-493c-b88f-d36f7d686768.jpg,bbps-2-3,Train,hyper-kvasir\labeled-images\lower-gi-tract\quality-of-mucosal-views\bbps-2-3
50,0.8385316729545593,860a3f9a-3a52-4ad6-ba9d-0d209c294013.jpg,bbps-2-3,Train,hyper-kvasir\labeled-images\lower-gi-tract\quality-of-mucosal-views\bbps-2-3,5fc0d240-137f-4d0a-9c0e-861a8a9c98fa.jpg,impacted-stool,Train,hyper-kvasir\labeled-images\lower-gi-tract\quality-of-mucosal-views\impacted-stool
41,0.8360013961791992,72911464-ee8e-4c89-b6ce-056bf9389dec.jpg,bbps-2-3,Train,hyper-kvasir\labeled-images\lower-gi-tract\quality-of-mucosal-views\bbps-2-3,476cebe2-79eb-4be2-a029-4b1de2d681e3.jpg,impacted-stool,Validation,hyper-kvasir\labeled-images\lower-gi-tract\quality-of-mucosal-views\impacted-stool
23,0.8356356620788574,e2813b4d-69ef-4899-a935-dbb15df9336f.jpg,bbps-0-1,Train,hyper-kvasir\labeled-images\lower-gi-tract\quality-of-mucosal-views\bbps-0-1,3f8801c1-4481-4892-89a5-0364645c8801.jpg,bbps-2-3,Train,hyper-kvasir\labeled-images\lower-gi-tract\quality-of-mucosal-views\bbps-2-3
46,0.8342834115028381,dd6b092a-a4bb-489e-8abc-f633baa2ff32.jpg,bbps-2-3,Validation,hyper-kvasir\labeled-images\lower-gi-tract\quality-of-mucosal-views\bbps-2-3,dea944a3-fb05-4675-9df7-29d8c9c4807a.jpg,impacted-stool,Validation,hyper-kvasir\labeled-images\lower-gi-tract\quality-of-mucosal-views\impacted-stool
44,0.8339521288871765,dc6766d1-aa6f-446b-b560-b82ddaf200fe.jpg,bbps-2-3,Validation,hyper-kvasir\labeled-images\lower-gi-tract\quality-of-mucosal-views\bbps-2-3,dea944a3-fb05-4675-9df7-29d8c9c4807a.jpg,impacted-stool,Validation,hyper-kvasir\labeled-images\lower-gi-tract\quality-of-mucosal-views\impacted-stool
57,0.8325923085212708,de7730a6-a08f-48fb-b202-3c96676a1839.jpg,bbps-0-1,Validation,hyper-kvasir\labeled-images\lower-gi-tract\quality-of-mucosal-views\bbps-0-1,512330d8-7580-4b01-afa9-2022d4c92648.jpg,bbps-2-3,Validation,hyper-kvasir\labeled-images\lower-gi-tract\quality-of-mucosal-views\bbps-2-3
47,0.8318067193031311,dc6766d1-aa6f-446b-b560-b82ddaf200fe.jpg,bbps-2-3,Validation,hyper-kvasir\labeled-images\lower-gi-tract\quality-of-mucosal-views\bbps-2-3,41ccb123-1a78-4e00-a936-8becd9b3c4ab.jpg,impacted-stool,Train,hyper-kvasir\labeled-images\lower-gi-tract\quality-of-mucosal-views\impacted-stool
48,0.8317933678627014,474fc70f-70d3-45fe-bded-6c02e465a714.jpg,bbps-2-3,Train,hyper-kvasir\labeled-images\lower-gi-tract\quality-of-mucosal-views\bbps-2-3,1ce80ee0-af81-466c-a3cc-2e70b2bb4822.jpg,impacted-stool,Train,hyper-kvasir\labeled-images\lower-gi-tract\quality-of-mucosal-views\impacted-stool
49,0.8302000164985657,1fce3355-9bd9-4226-8e13-08a46d019f21.jpg,bbps-2-3,Train,hyper-kvasir\labeled-images\lower-gi-tract\quality-of-mucosal-views\bbps-2-3,0efd1223-d399-4cce-a42d-fce160713164.jpg,impacted-stool,Validation,hyper-kvasir\labeled-images\lower-gi-tract\quality-of-mucosal-views\impacted-stool
59,0.8298688530921936,de7730a6-a08f-48fb-b202-3c96676a1839.jpg,bbps-0-1,Validation,hyper-kvasir\labeled-images\lower-gi-tract\quality-of-mucosal-views\bbps-0-1,d4519cdc-2f55-446b-a8be-436c7c3cf343.jpg,bbps-2-3,Validation,hyper-kvasir\labeled-images\lower-gi-tract\quality-of-mucosal-views\bbps-2-3
51,0.8280446529388428,432ab41e-861f-468f-b716-742b02c1bf0d.jpg,bbps-2-3,Validation,hyper-kvasir\labeled-images\lower-gi-tract\quality-of-mucosal-views\bbps-2-3,41bcce24-0103-4614-9635-cb528e4fdab9.jpg,impacted-stool,Validation,hyper-kvasir\labeled-images\lower-gi-tract\quality-of-mucosal-views\impacted-stool
61,0.8279145359992981,763de819-7cfd-49ab-a5dc-073d61016bc5.jpg,bbps-2-3,Train,hyper-kvasir\labeled-images\lower-gi-tract\quality-of-mucosal-views\bbps-2-3,5a43c182-4009-411a-82a2-0c147f20af3f.jpg,impacted-stool,Validation,hyper-kvasir\labeled-images\lower-gi-tract\quality-of-mucosal-views\impacted-stool
52,0.8274689316749573,6cfa0845-ecd1-4d8a-8075-0490c8e74e9f.jpg,bbps-2-3,Train,hyper-kvasir\labeled-images\lower-gi-tract\quality-of-mucosal-views\bbps-2-3,e8be3dbe-c28f-47eb-b213-64b155000b48.jpg,impacted-stool,Validation,hyper-kvasir\labeled-images\lower-gi-tract\quality-of-mucosal-views\impacted-stool
56,0.8268311619758606,5970ef32-70cb-425b-acae-5289c0c6b368.jpg,bbps-2-3,Train,hyper-kvasir\labeled-images\lower-gi-tract\quality-of-mucosal-views\bbps-2-3,2f033abb-5900-43b1-a285-7780d6e54564.jpg,impacted-stool,Train,hyper-kvasir\labeled-images\lower-gi-tract\quality-of-mucosal-views\impacted-stool
53,0.8244631886482239,dd6b092a-a4bb-489e-8abc-f633baa2ff32.jpg,bbps-2-3,Validation,hyper-kvasir\labeled-images\lower-gi-tract\quality-of-mucosal-views\bbps-2-3,41bcce24-0103-4614-9635-cb528e4fdab9.jpg,impacted-stool,Validation,hyper-kvasir\labeled-images\lower-gi-tract\quality-of-mucosal-views\impacted-stool
67,0.8236835598945618,5b454068-df41-4b9c-adab-4ce03fd3ec04.jpg,bbps-2-3,Train,hyper-kvasir\labeled-images\lower-gi-tract\quality-of-mucosal-views\bbps-2-3,d5010b06-9ad9-4478-8c12-34caf0510d5e.jpg,impacted-stool,Train,hyper-kvasir\labeled-images\lower-gi-tract\quality-of-mucosal-views\impacted-stool
54,0.8224215507507324,9418cd88-7ffd-469c-ae38-c9ed55ccd064.jpg,bbps-2-3,Train,hyper-kvasir\labeled-images\lower-gi-tract\quality-of-mucosal-views\bbps-2-3,34dced48-5406-42df-acdb-48f65c86977b.jpg,impacted-stool,Train,hyper-kvasir\labeled-images\lower-gi-tract\quality-of-mucosal-views\impacted-stool
78,0.8220551609992981,c3d89646-240a-4055-8635-14b7290b564b.jpg,bbps-2-3,Train,hyper-kvasir\labeled-images\lower-gi-tract\quality-of-mucosal-views\bbps-2-3,e034905e-de74-4632-ae84-0ca060a49fec.jpg,impacted-stool,Train,hyper-kvasir\labeled-images\lower-gi-tract\quality-of-mucosal-views\impacted-stool
55,0.8217353820800781,b6bf4497-e4c2-4568-9cc8-d010544de5aa.jpg,bbps-2-3,Train,hyper-kvasir\labeled-images\lower-gi-tract\quality-of-mucosal-views\bbps-2-3,937acf17-9678-4769-96a0-253328036d59.jpg,impacted-stool,Train,hyper-kvasir\labeled-images\lower-gi-tract\quality-of-mucosal-views\impacted-stool
62,0.8217281699180603,07d8b700-2c2d-452b-9200-e4cb88d1f1b5.jpg,bbps-2-3,Validation,hyper-kvasir\labeled-images\lower-gi-tract\quality-of-mucosal-views\bbps-2-3,9460ff0c-5c8f-4bae-84e5-0d83f52dfdf5.jpg,impacted-stool,Train,hyper-kvasir\labeled-images\lower-gi-tract\quality-of-mucosal-views\impacted-stool
58,0.8196185231208801,c92006c0-bbf7-446a-a624-b2d19c670d56.jpg,bbps-2-3,Validation,hyper-kvasir\labeled-images\lower-gi-tract\quality-of-mucosal-views\bbps-2-3,1fa5f21c-2e80-4366-b379-deae9cbeebf1.jpg,impacted-stool,Train,hyper-kvasir\labeled-images\lower-gi-tract\quality-of-mucosal-views\impacted-stool
63,0.8193060755729675,066d8b7e-6fdf-41c5-b80a-214b111b7c18.jpg,bbps-2-3,Train,hyper-kvasir\labeled-images\lower-gi-tract\quality-of-mucosal-views\bbps-2-3,6f1c4143-a234-4980-abaf-c97eb9584c36.jpg,impacted-stool,Validation,hyper-kvasir\labeled-images\lower-gi-tract\quality-of-mucosal-views\impacted-stool
77,0.8172869682312012,de7730a6-a08f-48fb-b202-3c96676a1839.jpg,bbps-0-1,Validation,hyper-kvasir\labeled-images\lower-gi-tract\quality-of-mucosal-views\bbps-0-1,538f547d-bee2-4f0d-9070-3029b468d1bd.jpg,bbps-2-3,Validation,hyper-kvasir\labeled-images\lower-gi-tract\quality-of-mucosal-views\bbps-2-3
93,0.817013680934906,5970ef32-70cb-425b-acae-5289c0c6b368.jpg,bbps-2-3,Train,hyper-kvasir\labeled-images\lower-gi-tract\quality-of-mucosal-views\bbps-2-3,f40f2dc5-ca8e-43f2-accb-24f7e78daf77.jpg,impacted-stool,Validation,hyper-kvasir\labeled-images\lower-gi-tract\quality-of-mucosal-views\impacted-stool
65,0.8169885277748108,07d8b700-2c2d-452b-9200-e4cb88d1f1b5.jpg,bbps-2-3,Validation,hyper-kvasir\labeled-images\lower-gi-tract\quality-of-mucosal-views\bbps-2-3,2cba1a0f-ccdb-4fb6-864c-0ce1d68725da.jpg,impacted-stool,Train,hyper-kvasir\labeled-images\lower-gi-tract\quality-of-mucosal-views\impacted-stool
60,0.8168563842773438,474fc70f-70d3-45fe-bded-6c02e465a714.jpg,bbps-2-3,Train,hyper-kvasir\labeled-images\lower-gi-tract\quality-of-mucosal-views\bbps-2-3,b35e362b-96f8-4a30-aa6e-59ca20b3b428.jpg,impacted-stool,Train,hyper-kvasir\labeled-images\lower-gi-tract\quality-of-mucosal-views\impacted-stool
76,0.8167580962181091,de7730a6-a08f-48fb-b202-3c96676a1839.jpg,bbps-0-1,Validation,hyper-kvasir\labeled-images\lower-gi-tract\quality-of-mucosal-views\bbps-0-1,97138b54-9457-4815-87f5-57aef27fe0cf.jpg,bbps-2-3,Train,hyper-kvasir\labeled-images\lower-gi-tract\quality-of-mucosal-views\bbps-2-3
64,0.8159947395324707,066d8b7e-6fdf-41c5-b80a-214b111b7c18.jpg,bbps-2-3,Train,hyper-kvasir\labeled-images\lower-gi-tract\quality-of-mucosal-views\bbps-2-3,a2590de9-9669-453f-b925-4dcb6d729800.jpg,impacted-stool,Validation,hyper-kvasir\labeled-images\lower-gi-tract\quality-of-mucosal-views\impacted-stool
70,0.8139153122901917,9f250a27-dc85-493a-8b43-2628471c557a.jpg,bbps-0-1,Validation,hyper-kvasir\labeled-images\lower-gi-tract\quality-of-mucosal-views\bbps-0-1,67ec223d-bc15-4c3e-96e7-6b49b5d5bbc8.jpg,bbps-2-3,Train,hyper-kvasir\labeled-images\lower-gi-tract\quality-of-mucosal-views\bbps-2-3
71,0.8117744326591492,259ed483-adda-442c-9b60-65fea6d56662.jpg,bbps-2-3,Validation,hyper-kvasir\labeled-images\lower-gi-tract\quality-of-mucosal-views\bbps-2-3,1d8c657e-1438-4a73-8190-affdcf3ff0a5.jpg,impacted-stool,Validation,hyper-kvasir\labeled-images\lower-gi-tract\quality-of-mucosal-views\impacted-stool
66,0.8095333576202393,6cfa0845-ecd1-4d8a-8075-0490c8e74e9f.jpg,bbps-2-3,Train,hyper-kvasir\labeled-images\lower-gi-tract\quality-of-mucosal-views\bbps-2-3,c7525eea-36f5-49fa-8825-0df8da4610c3.jpg,impacted-stool,Train,hyper-kvasir\labeled-images\lower-gi-tract\quality-of-mucosal-views\impacted-stool
69,0.8091656565666199,e7ac8802-7b5d-4414-9d18-5c94dad28f84.jpg,bbps-2-3,Train,hyper-kvasir\labeled-images\lower-gi-tract\quality-of-mucosal-views\bbps-2-3,0cafab70-d514-45d5-b999-8d7bfb8cbe5e.jpg,impacted-stool,Train,hyper-kvasir\labeled-images\lower-gi-tract\quality-of-mucosal-views\impacted-stool
72,0.8087058067321777,b6bf4497-e4c2-4568-9cc8-d010544de5aa.jpg,bbps-2-3,Train,hyper-kvasir\labeled-images\lower-gi-tract\quality-of-mucosal-views\bbps-2-3,a5e7b6f1-f4fd-4ba4-a1bf-786a88b52c55.jpg,impacted-stool,Validation,hyper-kvasir\labeled-images\lower-gi-tract\quality-of-mucosal-views\impacted-stool
68,0.806018054485321,e02abbaf-93d7-4a05-98c8-743b260d9eb4.jpg,bbps-0-1,Train,hyper-kvasir\labeled-images\lower-gi-tract\quality-of-mucosal-views\bbps-0-1,0cafab70-d514-45d5-b999-8d7bfb8cbe5e.jpg,impacted-stool,Train,hyper-kvasir\labeled-images\lower-gi-tract\quality-of-mucosal-views\impacted-stool
81,0.8058200478553772,860a3f9a-3a52-4ad6-ba9d-0d209c294013.jpg,bbps-2-3,Train,hyper-kvasir\labeled-images\lower-gi-tract\quality-of-mucosal-views\bbps-2-3,a2590de9-9669-453f-b925-4dcb6d729800.jpg,impacted-stool,Validation,hyper-kvasir\labeled-images\lower-gi-tract\quality-of-mucosal-views\impacted-stool
74,0.8057520985603333,e02abbaf-93d7-4a05-98c8-743b260d9eb4.jpg,bbps-0-1,Train,hyper-kvasir\labeled-images\lower-gi-tract\quality-of-mucosal-views\bbps-0-1,259ed483-adda-442c-9b60-65fea6d56662.jpg,bbps-2-3,Validation,hyper-kvasir\labeled-images\lower-gi-tract\quality-of-mucosal-views\bbps-2-3
90,0.8041231036186218,de7730a6-a08f-48fb-b202-3c96676a1839.jpg,bbps-0-1,Validation,hyper-kvasir\labeled-images\lower-gi-tract\quality-of-mucosal-views\bbps-0-1,1414ebab-500a-486a-a5b0-a03adf6d47b8.jpg,bbps-2-3,Train,hyper-kvasir\labeled-images\lower-gi-tract\quality-of-mucosal-views\bbps-2-3
95,0.8036069869995117,0abdc61e-bf57-4086-9a35-b24ce12bd3a7.jpg,bbps-2-3,Train,hyper-kvasir\labeled-images\lower-gi-tract\quality-of-mucosal-views\bbps-2-3,a5e7b6f1-f4fd-4ba4-a1bf-786a88b52c55.jpg,impacted-stool,Validation,hyper-kvasir\labeled-images\lower-gi-tract\quality-of-mucosal-views\impacted-stool
79,0.8014411330223083,e7ac8802-7b5d-4414-9d18-5c94dad28f84.jpg,bbps-2-3,Train,hyper-kvasir\labeled-images\lower-gi-tract\quality-of-mucosal-views\bbps-2-3,937acf17-9678-4769-96a0-253328036d59.jpg,impacted-stool,Train,hyper-kvasir\labeled-images\lower-gi-tract\quality-of-mucosal-views\impacted-stool
73,0.7986800670623779,bfded792-7135-4d94-95d8-a17168651091.jpg,bbps-2-3,Validation,hyper-kvasir\labeled-images\lower-gi-tract\quality-of-mucosal-views\bbps-2-3,e8be3dbe-c28f-47eb-b213-64b155000b48.jpg,impacted-stool,Validation,hyper-kvasir\labeled-images\lower-gi-tract\quality-of-mucosal-views\impacted-stool
83,0.7974834442138672,9f250a27-dc85-493a-8b43-2628471c557a.jpg,bbps-0-1,Validation,hyper-kvasir\labeled-images\lower-gi-tract\quality-of-mucosal-views\bbps-0-1,7a1e9f36-e7a4-47dd-a282-5330cd84df7c.jpg,bbps-2-3,Train,hyper-kvasir\labeled-images\lower-gi-tract\quality-of-mucosal-views\bbps-2-3
82,0.7964193224906921,b6bf4497-e4c2-4568-9cc8-d010544de5aa.jpg,bbps-2-3,Train,hyper-kvasir\labeled-images\lower-gi-tract\quality-of-mucosal-views\bbps-2-3,0cafab70-d514-45d5-b999-8d7bfb8cbe5e.jpg,impacted-stool,Train,hyper-kvasir\labeled-images\lower-gi-tract\quality-of-mucosal-views\impacted-stool
80,0.7960044741630554,9418cd88-7ffd-469c-ae38-c9ed55ccd064.jpg,bbps-2-3,Train,hyper-kvasir\labeled-images\lower-gi-tract\quality-of-mucosal-views\bbps-2-3,15720013-4b89-4c28-bdd8-8f808a8222a7.jpg,impacted-stool,Train,hyper-kvasir\labeled-images\lower-gi-tract\quality-of-mucosal-views\impacted-stool
89,0.7956273555755615,0ff26d15-9ba6-4b9b-844b-c08f573fa60f.jpg,bbps-2-3,Train,hyper-kvasir\labeled-images\lower-gi-tract\quality-of-mucosal-views\bbps-2-3,d5010b06-9ad9-4478-8c12-34caf0510d5e.jpg,impacted-stool,Train,hyper-kvasir\labeled-images\lower-gi-tract\quality-of-mucosal-views\impacted-stool
245,0.7952777743339539,de7730a6-a08f-48fb-b202-3c96676a1839.jpg,bbps-0-1,Validation,hyper-kvasir\labeled-images\lower-gi-tract\quality-of-mucosal-views\bbps-0-1,8659b145-2534-46a0-afe0-a82b295e3aab.jpg,bbps-2-3,Train,hyper-kvasir\labeled-images\lower-gi-tract\quality-of-mucosal-views\bbps-2-3
244,0.7947199940681458,de7730a6-a08f-48fb-b202-3c96676a1839.jpg,bbps-0-1,Validation,hyper-kvasir\labeled-images\lower-gi-tract\quality-of-mucosal-views\bbps-0-1,d2242e4f-c2fb-4009-acc4-70ba42667c3b.jpg,bbps-2-3,Train,hyper-kvasir\labeled-images\lower-gi-tract\quality-of-mucosal-views\bbps-2-3
87,0.7945166230201721,e7ac8802-7b5d-4414-9d18-5c94dad28f84.jpg,bbps-2-3,Train,hyper-kvasir\labeled-images\lower-gi-tract\quality-of-mucosal-views\bbps-2-3,a5e7b6f1-f4fd-4ba4-a1bf-786a88b52c55.jpg,impacted-stool,Validation,hyper-kvasir\labeled-images\lower-gi-tract\quality-of-mucosal-views\impacted-stool
75,0.7939047813415527,653dcb48-d8d7-4cd9-8a4d-542585575c71.jpg,bbps-2-3,Train,hyper-kvasir\labeled-images\lower-gi-tract\quality-of-mucosal-views\bbps-2-3,5d6eabe9-8591-40bc-8191-9d7ff8fd4636.jpg,impacted-stool,Validation,hyper-kvasir\labeled-images\lower-gi-tract\quality-of-mucosal-views\impacted-stool
92,0.7929084897041321,8ab4e7b4-5f3e-464a-aaa6-2f544cb61bbc.jpg,bbps-2-3,Train,hyper-kvasir\labeled-images\lower-gi-tract\quality-of-mucosal-views\bbps-2-3,b35e362b-96f8-4a30-aa6e-59ca20b3b428.jpg,impacted-stool,Train,hyper-kvasir\labeled-images\lower-gi-tract\quality-of-mucosal-views\impacted-stool
242,0.7926787734031677,9f250a27-dc85-493a-8b43-2628471c557a.jpg,bbps-0-1,Validation,hyper-kvasir\labeled-images\lower-gi-tract\quality-of-mucosal-views\bbps-0-1,a23e2b2e-c6cc-445c-bbd3-adde0cf43d80.jpg,bbps-2-3,Validation,hyper-kvasir\labeled-images\lower-gi-tract\quality-of-mucosal-views\bbps-2-3
96,0.7912934422492981,4b398223-62e8-43e7-8959-b422a2915d7d.jpg,bbps-0-1,Validation,hyper-kvasir\labeled-images\lower-gi-tract\quality-of-mucosal-views\bbps-0-1,e4b2e940-4ce3-4257-bd4b-ea6adf4e6778.jpg,bbps-2-3,Validation,hyper-kvasir\labeled-images\lower-gi-tract\quality-of-mucosal-views\bbps-2-3
94,0.7911060452461243,c92006c0-bbf7-446a-a624-b2d19c670d56.jpg,bbps-2-3,Validation,hyper-kvasir\labeled-images\lower-gi-tract\quality-of-mucosal-views\bbps-2-3,0d2dab27-7dde-4f7a-b0f7-0f4e3bfca975.jpg,impacted-stool,Train,hyper-kvasir\labeled-images\lower-gi-tract\quality-of-mucosal-views\impacted-stool
84,0.7909062504768372,9e031227-371f-45ce-817f-2b32c0bef0b2.jpg,bbps-2-3,Validation,hyper-kvasir\labeled-images\lower-gi-tract\quality-of-mucosal-views\bbps-2-3,b144416f-a49f-4a97-bc3f-d74a40dfe03e.jpg,impacted-stool,Train,hyper-kvasir\labeled-images\lower-gi-tract\quality-of-mucosal-views\impacted-stool
91,0.7904922366142273,e02abbaf-93d7-4a05-98c8-743b260d9eb4.jpg,bbps-0-1,Train,hyper-kvasir\labeled-images\lower-gi-tract\quality-of-mucosal-views\bbps-0-1,937acf17-9678-4769-96a0-253328036d59.jpg,impacted-stool,Train,hyper-kvasir\labeled-images\lower-gi-tract\quality-of-mucosal-views\impacted-stool
248,0.7892351746559143,de7730a6-a08f-48fb-b202-3c96676a1839.jpg,bbps-0-1,Validation,hyper-kvasir\labeled-images\lower-gi-tract\quality-of-mucosal-views\bbps-0-1,38e18373-c612-4a02-859d-de639a31d397.jpg,bbps-2-3,Validation,hyper-kvasir\labeled-images\lower-gi-tract\quality-of-mucosal-views\bbps-2-3
85,0.7883334755897522,653dcb48-d8d7-4cd9-8a4d-542585575c71.jpg,bbps-2-3,Train,hyper-kvasir\labeled-images\lower-gi-tract\quality-of-mucosal-views\bbps-2-3,15720013-4b89-4c28-bdd8-8f808a8222a7.jpg,impacted-stool,Train,hyper-kvasir\labeled-images\lower-gi-tract\quality-of-mucosal-views\impacted-stool
247,0.7882094383239746,de7730a6-a08f-48fb-b202-3c96676a1839.jpg,bbps-0-1,Validation,hyper-kvasir\labeled-images\lower-gi-tract\quality-of-mucosal-views\bbps-0-1,931d2ca8-f4f9-494b-ad60-a1e5b7de47d0.jpg,bbps-2-3,Train,hyper-kvasir\labeled-images\lower-gi-tract\quality-of-mucosal-views\bbps-2-3
98,0.7862303256988525,de7730a6-a08f-48fb-b202-3c96676a1839.jpg,bbps-0-1,Validation,hyper-kvasir\labeled-images\lower-gi-tract\quality-of-mucosal-views\bbps-0-1,778b5056-9461-4330-a922-83eee539fe68.jpg,bbps-2-3,Train,hyper-kvasir\labeled-images\lower-gi-tract\quality-of-mucosal-views\bbps-2-3
246,0.7857377529144287,e02abbaf-93d7-4a05-98c8-743b260d9eb4.jpg,bbps-0-1,Train,hyper-kvasir\labeled-images\lower-gi-tract\quality-of-mucosal-views\bbps-0-1,3de25207-45ec-42b3-9b3f-b93271250ca6.jpg,bbps-2-3,Train,hyper-kvasir\labeled-images\lower-gi-tract\quality-of-mucosal-views\bbps-2-3
118,0.7835485935211182,5970ef32-70cb-425b-acae-5289c0c6b368.jpg,bbps-2-3,Train,hyper-kvasir\labeled-images\lower-gi-tract\quality-of-mucosal-views\bbps-2-3,683f6960-1f6e-4568-8eb6-e6b6a9c61b91.jpg,impacted-stool,Train,hyper-kvasir\labeled-images\lower-gi-tract\quality-of-mucosal-views\impacted-stool
252,0.7820214629173279,de7730a6-a08f-48fb-b202-3c96676a1839.jpg,bbps-0-1,Validation,hyper-kvasir\labeled-images\lower-gi-tract\quality-of-mucosal-views\bbps-0-1,4c7f031f-9020-4351-b83e-981e8ff5176d.jpg,bbps-2-3,Validation,hyper-kvasir\labeled-images\lower-gi-tract\quality-of-mucosal-views\bbps-2-3
88,0.7811586260795593,b39c386a-1628-4950-b2e5-afbfb8fea1c3.jpg,bbps-2-3,Train,hyper-kvasir\labeled-images\lower-gi-tract\quality-of-mucosal-views\bbps-2-3,9ebcd399-4725-43d4-8040-a4c4da888e0c.jpg,impacted-stool,Train,hyper-kvasir\labeled-images\lower-gi-tract\quality-of-mucosal-views\impacted-stool
112,0.7809391021728516,bfded792-7135-4d94-95d8-a17168651091.jpg,bbps-2-3,Validation,hyper-kvasir\labeled-images\lower-gi-tract\quality-of-mucosal-views\bbps-2-3,c1c41663-0d1f-4026-8e26-21e4c4c3d9de.jpg,impacted-stool,Validation,hyper-kvasir\labeled-images\lower-gi-tract\quality-of-mucosal-views\impacted-stool
115,0.780452311038971,860a3f9a-3a52-4ad6-ba9d-0d209c294013.jpg,bbps-2-3,Train,hyper-kvasir\labeled-images\lower-gi-tract\quality-of-mucosal-views\bbps-2-3,c1c41663-0d1f-4026-8e26-21e4c4c3d9de.jpg,impacted-stool,Validation,hyper-kvasir\labeled-images\lower-gi-tract\quality-of-mucosal-views\impacted-stool
104,0.7803032994270325,9f250a27-dc85-493a-8b43-2628471c557a.jpg,bbps-0-1,Validation,hyper-kvasir\labeled-images\lower-gi-tract\quality-of-mucosal-views\bbps-0-1,6907fcd6-c696-4232-a2e2-2f0033827cad.jpg,bbps-2-3,Validation,hyper-kvasir\labeled-images\lower-gi-tract\quality-of-mucosal-views\bbps-2-3
86,0.7798033356666565,72911464-ee8e-4c89-b6ce-056bf9389dec.jpg,bbps-2-3,Train,hyper-kvasir\labeled-images\lower-gi-tract\quality-of-mucosal-views\bbps-2-3,79e7eec8-bf69-4bd3-a89d-8c0d0bbcdfb6.jpg,impacted-stool,Validation,hyper-kvasir\labeled-images\lower-gi-tract\quality-of-mucosal-views\impacted-stool
103,0.7797462344169617,c92006c0-bbf7-446a-a624-b2d19c670d56.jpg,bbps-2-3,Validation,hyper-kvasir\labeled-images\lower-gi-tract\quality-of-mucosal-views\bbps-2-3,bb57722c-de1c-4f61-b4ed-683eb6b1698f.jpg,impacted-stool,Validation,hyper-kvasir\labeled-images\lower-gi-tract\quality-of-mucosal-views\impacted-stool
250,0.7791187167167664,de7730a6-a08f-48fb-b202-3c96676a1839.jpg,bbps-0-1,Validation,hyper-kvasir\labeled-images\lower-gi-tract\quality-of-mucosal-views\bbps-0-1,8e7c4981-07ef-4b84-ab8f-8d5c34b4121b.jpg,bbps-2-3,Train,hyper-kvasir\labeled-images\lower-gi-tract\quality-of-mucosal-views\bbps-2-3
243,0.7779757380485535,182efb73-6750-4997-96ba-986d4c1db9eb.jpg,bbps-0-1,Validation,hyper-kvasir\labeled-images\lower-gi-tract\quality-of-mucosal-views\bbps-0-1,75676104-8f5e-493c-b88f-d36f7d686768.jpg,bbps-2-3,Train,hyper-kvasir\labeled-images\lower-gi-tract\quality-of-mucosal-views\bbps-2-3
114,0.7778612971305847,9ea70d97-ec28-457f-8ff3-0bee8101a33f.jpg,bbps-2-3,Train,hyper-kvasir\labeled-images\lower-gi-tract\quality-of-mucosal-views\bbps-2-3,68402820-8cbc-40dd-a5df-69127a186c76.jpg,impacted-stool,Train,hyper-kvasir\labeled-images\lower-gi-tract\quality-of-mucosal-views\impacted-stool
254,0.7734830379486084,de7730a6-a08f-48fb-b202-3c96676a1839.jpg,bbps-0-1,Validation,hyper-kvasir\labeled-images\lower-gi-tract\quality-of-mucosal-views\bbps-0-1,d0ebf480-42d2-41fc-88fe-6bdaa135865b.jpg,bbps-2-3,Validation,hyper-kvasir\labeled-images\lower-gi-tract\quality-of-mucosal-views\bbps-2-3
97,0.7730326652526855,4b398223-62e8-43e7-8959-b422a2915d7d.jpg,bbps-0-1,Validation,hyper-kvasir\labeled-images\lower-gi-tract\quality-of-mucosal-views\bbps-0-1,895f30e4-1522-48bb-b3a4-3814f5959e18.jpg,bbps-2-3,Validation,hyper-kvasir\labeled-images\lower-gi-tract\quality-of-mucosal-views\bbps-2-3
111,0.7725839614868164,c92006c0-bbf7-446a-a624-b2d19c670d56.jpg,bbps-2-3,Validation,hyper-kvasir\labeled-images\lower-gi-tract\quality-of-mucosal-views\bbps-2-3,2cdee9ea-aa4a-4806-972f-27f6b369873c.jpg,impacted-stool,Validation,hyper-kvasir\labeled-images\lower-gi-tract\quality-of-mucosal-views\impacted-stool
253,0.7698330879211426,e02abbaf-93d7-4a05-98c8-743b260d9eb4.jpg,bbps-0-1,Train,hyper-kvasir\labeled-images\lower-gi-tract\quality-of-mucosal-views\bbps-0-1,0abdc61e-bf57-4086-9a35-b24ce12bd3a7.jpg,bbps-2-3,Train,hyper-kvasir\labeled-images\lower-gi-tract\quality-of-mucosal-views\bbps-2-3
256,0.7667860984802246,de7730a6-a08f-48fb-b202-3c96676a1839.jpg,bbps-0-1,Validation,hyper-kvasir\labeled-images\lower-gi-tract\quality-of-mucosal-views\bbps-0-1,d392d506-1525-4d77-aea7-2c4ad10a615f.jpg,bbps-2-3,Train,hyper-kvasir\labeled-images\lower-gi-tract\quality-of-mucosal-views\bbps-2-3
251,0.7662600874900818,e02abbaf-93d7-4a05-98c8-743b260d9eb4.jpg,bbps-0-1,Train,hyper-kvasir\labeled-images\lower-gi-tract\quality-of-mucosal-views\bbps-0-1,310c03fe-12a4-4461-8fa8-3f488d34e9d5.jpg,bbps-2-3,Validation,hyper-kvasir\labeled-images\lower-gi-tract\quality-of-mucosal-views\bbps-2-3
105,0.7655501365661621,bfded792-7135-4d94-95d8-a17168651091.jpg,bbps-2-3,Validation,hyper-kvasir\labeled-images\lower-gi-tract\quality-of-mucosal-views\bbps-2-3,66a4e495-d7e7-44dd-9c4b-28c331da5007.jpg,impacted-stool,Validation,hyper-kvasir\labeled-images\lower-gi-tract\quality-of-mucosal-views\impacted-stool
108,0.7650510668754578,9e031227-371f-45ce-817f-2b32c0bef0b2.jpg,bbps-2-3,Validation,hyper-kvasir\labeled-images\lower-gi-tract\quality-of-mucosal-views\bbps-2-3,c7525eea-36f5-49fa-8825-0df8da4610c3.jpg,impacted-stool,Train,hyper-kvasir\labeled-images\lower-gi-tract\quality-of-mucosal-views\impacted-stool
113,0.7641045451164246,72911464-ee8e-4c89-b6ce-056bf9389dec.jpg,bbps-2-3,Train,hyper-kvasir\labeled-images\lower-gi-tract\quality-of-mucosal-views\bbps-2-3,30f4e4bc-5ae2-4adb-8777-10ca00e38a26.jpg,impacted-stool,Validation,hyper-kvasir\labeled-images\lower-gi-tract\quality-of-mucosal-views\impacted-stool
125,0.7632716298103333,02ba3502-8e0b-4f49-a794-08065d5c92ea.jpg,bbps-2-3,Train,hyper-kvasir\labeled-images\lower-gi-tract\quality-of-mucosal-views\bbps-2-3,e034905e-de74-4632-ae84-0ca060a49fec.jpg,impacted-stool,Train,hyper-kvasir\labeled-images\lower-gi-tract\quality-of-mucosal-views\impacted-stool
249,0.7629880905151367,cc7c1b6c-a01c-46cc-a485-0ac13d5501a1.jpg,bbps-0-1,Train,hyper-kvasir\labeled-images\lower-gi-tract\quality-of-mucosal-views\bbps-0-1,d5300ddb-c858-4765-8d33-77a2caf1f176.jpg,bbps-2-3,Validation,hyper-kvasir\labeled-images\lower-gi-tract\quality-of-mucosal-views\bbps-2-3
119,0.7629014849662781,9e031227-371f-45ce-817f-2b32c0bef0b2.jpg,bbps-2-3,Validation,hyper-kvasir\labeled-images\lower-gi-tract\quality-of-mucosal-views\bbps-2-3,c1c41663-0d1f-4026-8e26-21e4c4c3d9de.jpg,impacted-stool,Validation,hyper-kvasir\labeled-images\lower-gi-tract\quality-of-mucosal-views\impacted-stool
107,0.7627202868461609,4b398223-62e8-43e7-8959-b422a2915d7d.jpg,bbps-0-1,Validation,hyper-kvasir\labeled-images\lower-gi-tract\quality-of-mucosal-views\bbps-0-1,52f5225a-6da4-4abe-a5e4-ee6a983beff0.jpg,bbps-2-3,Train,hyper-kvasir\labeled-images\lower-gi-tract\quality-of-mucosal-views\bbps-2-3
110,0.7626342177391052,9f250a27-dc85-493a-8b43-2628471c557a.jpg,bbps-0-1,Validation,hyper-kvasir\labeled-images\lower-gi-tract\quality-of-mucosal-views\bbps-0-1,bc9eb668-6553-4d0a-9b60-20a0ff60d9d2.jpg,bbps-2-3,Train,hyper-kvasir\labeled-images\lower-gi-tract\quality-of-mucosal-views\bbps-2-3
136,0.7614588737487793,44fe307d-f6a5-4b7a-ad7b-ab741e55c56d.jpg,bbps-2-3,Train,hyper-kvasir\labeled-images\lower-gi-tract\quality-of-mucosal-views\bbps-2-3,d5010b06-9ad9-4478-8c12-34caf0510d5e.jpg,impacted-stool,Train,hyper-kvasir\labeled-images\lower-gi-tract\quality-of-mucosal-views\impacted-stool
260,0.760337769985199,de7730a6-a08f-48fb-b202-3c96676a1839.jpg,bbps-0-1,Validation,hyper-kvasir\labeled-images\lower-gi-tract\quality-of-mucosal-views\bbps-0-1,f1326a04-f0c7-4688-8437-aaba42481a58.jpg,bbps-2-3,Train,hyper-kvasir\labeled-images\lower-gi-tract\quality-of-mucosal-views\bbps-2-3
120,0.760272741317749,13e2c981-bfb5-45d6-860e-df27bf5ae50a.jpg,bbps-2-3,Train,hyper-kvasir\labeled-images\lower-gi-tract\quality-of-mucosal-views\bbps-2-3,d5010b06-9ad9-4478-8c12-34caf0510d5e.jpg,impacted-stool,Train,hyper-kvasir\labeled-images\lower-gi-tract\quality-of-mucosal-views\impacted-stool
99,0.7598482966423035,474fc70f-70d3-45fe-bded-6c02e465a714.jpg,bbps-2-3,Train,hyper-kvasir\labeled-images\lower-gi-tract\quality-of-mucosal-views\bbps-2-3,41ccb123-1a78-4e00-a936-8becd9b3c4ab.jpg,impacted-stool,Train,hyper-kvasir\labeled-images\lower-gi-tract\quality-of-mucosal-views\impacted-stool
259,0.7588310241699219,9f250a27-dc85-493a-8b43-2628471c557a.jpg,bbps-0-1,Validation,hyper-kvasir\labeled-images\lower-gi-tract\quality-of-mucosal-views\bbps-0-1,c69d2b6e-8056-4adc-9e2b-a8c35d6cf014.jpg,bbps-2-3,Validation,hyper-kvasir\labeled-images\lower-gi-tract\quality-of-mucosal-views\bbps-2-3
117,0.7586197853088379,6cfa0845-ecd1-4d8a-8075-0490c8e74e9f.jpg,bbps-2-3,Train,hyper-kvasir\labeled-images\lower-gi-tract\quality-of-mucosal-views\bbps-2-3,70fa2ca9-e08e-43c1-9511-2afea0aa4839.jpg,impacted-stool,Validation,hyper-kvasir\labeled-images\lower-gi-tract\quality-of-mucosal-views\impacted-stool
255,0.7586089968681335,4b398223-62e8-43e7-8959-b422a2915d7d.jpg,bbps-0-1,Validation,hyper-kvasir\labeled-images\lower-gi-tract\quality-of-mucosal-views\bbps-0-1,63a46758-c0cd-466d-b25a-5f606791800e.jpg,bbps-2-3,Validation,hyper-kvasir\labeled-images\lower-gi-tract\quality-of-mucosal-views\bbps-2-3
100,0.7576484680175781,f91b575c-8390-436f-bc76-ac1d9a168e93.jpg,bbps-2-3,Validation,hyper-kvasir\labeled-images\lower-gi-tract\quality-of-mucosal-views\bbps-2-3,d92851a0-5d6a-4f3c-a0dd-1ae43ade0770.jpg,impacted-stool,Train,hyper-kvasir\labeled-images\lower-gi-tract\quality-of-mucosal-views\impacted-stool
101,0.7569324374198914,dc6766d1-aa6f-446b-b560-b82ddaf200fe.jpg,bbps-2-3,Validation,hyper-kvasir\labeled-images\lower-gi-tract\quality-of-mucosal-views\bbps-2-3,1ce80ee0-af81-466c-a3cc-2e70b2bb4822.jpg,impacted-stool,Train,hyper-kvasir\labeled-images\lower-gi-tract\quality-of-mucosal-views\impacted-stool
109,0.75641268491745,310c03fe-12a4-4461-8fa8-3f488d34e9d5.jpg,bbps-2-3,Validation,hyper-kvasir\labeled-images\lower-gi-tract\quality-of-mucosal-views\bbps-2-3,937acf17-9678-4769-96a0-253328036d59.jpg,impacted-stool,Train,hyper-kvasir\labeled-images\lower-gi-tract\quality-of-mucosal-views\impacted-stool
116,0.7543953061103821,377368c7-bf4a-4316-a5a1-ebfc76ad2d4c.jpg,bbps-2-3,Validation,hyper-kvasir\labeled-images\lower-gi-tract\quality-of-mucosal-views\bbps-2-3,41bcce24-0103-4614-9635-cb528e4fdab9.jpg,impacted-stool,Validation,hyper-kvasir\labeled-images\lower-gi-tract\quality-of-mucosal-views\impacted-stool
262,0.7542480826377869,de7730a6-a08f-48fb-b202-3c96676a1839.jpg,bbps-0-1,Validation,hyper-kvasir\labeled-images\lower-gi-tract\quality-of-mucosal-views\bbps-0-1,63a46758-c0cd-466d-b25a-5f606791800e.jpg,bbps-2-3,Validation,hyper-kvasir\labeled-images\lower-gi-tract\quality-of-mucosal-views\bbps-2-3
266,0.7535780072212219,de7730a6-a08f-48fb-b202-3c96676a1839.jpg,bbps-0-1,Validation,hyper-kvasir\labeled-images\lower-gi-tract\quality-of-mucosal-views\bbps-0-1,0505527c-92e4-4061-92bb-db4acaeffc5c.jpg,bbps-2-3,Validation,hyper-kvasir\labeled-images\lower-gi-tract\quality-of-mucosal-views\bbps-2-3
274,0.7533488869667053,9f250a27-dc85-493a-8b43-2628471c557a.jpg,bbps-0-1,Validation,hyper-kvasir\labeled-images\lower-gi-tract\quality-of-mucosal-views\bbps-0-1,098344ce-5316-490d-afd6-148cfcdce776.jpg,bbps-2-3,Validation,hyper-kvasir\labeled-images\lower-gi-tract\quality-of-mucosal-views\bbps-2-3
270,0.7532646059989929,9f250a27-dc85-493a-8b43-2628471c557a.jpg,bbps-0-1,Validation,hyper-kvasir\labeled-images\lower-gi-tract\quality-of-mucosal-views\bbps-0-1,1005c54f-b1af-4a81-84c2-fdb1c9b8180d.jpg,bbps-2-3,Train,hyper-kvasir\labeled-images\lower-gi-tract\quality-of-mucosal-views\bbps-2-3
264,0.7523228526115417,de7730a6-a08f-48fb-b202-3c96676a1839.jpg,bbps-0-1,Validation,hyper-kvasir\labeled-images\lower-gi-tract\quality-of-mucosal-views\bbps-0-1,276b24cc-ea82-407c-b1ad-8feb0fe491be.jpg,bbps-2-3,Validation,hyper-kvasir\labeled-images\lower-gi-tract\quality-of-mucosal-views\bbps-2-3
130,0.7520914077758789,02ba3502-8e0b-4f49-a794-08065d5c92ea.jpg,bbps-2-3,Train,hyper-kvasir\labeled-images\lower-gi-tract\quality-of-mucosal-views\bbps-2-3,d5010b06-9ad9-4478-8c12-34caf0510d5e.jpg,impacted-stool,Train,hyper-kvasir\labeled-images\lower-gi-tract\quality-of-mucosal-views\impacted-stool
269,0.7517798542976379,de7730a6-a08f-48fb-b202-3c96676a1839.jpg,bbps-0-1,Validation,hyper-kvasir\labeled-images\lower-gi-tract\quality-of-mucosal-views\bbps-0-1,b8c0fb7a-9890-4c8e-b0f6-8f30f71ced68.jpg,bbps-2-3,Train,hyper-kvasir\labeled-images\lower-gi-tract\quality-of-mucosal-views\bbps-2-3
126,0.7506899237632751,507c70de-d31c-44a8-8bfd-6815710ac195.jpg,bbps-2-3,Validation,hyper-kvasir\labeled-images\lower-gi-tract\quality-of-mucosal-views\bbps-2-3,0cafab70-d514-45d5-b999-8d7bfb8cbe5e.jpg,impacted-stool,Train,hyper-kvasir\labeled-images\lower-gi-tract\quality-of-mucosal-views\impacted-stool
121,0.7497215867042542,6cfa0845-ecd1-4d8a-8075-0490c8e74e9f.jpg,bbps-2-3,Train,hyper-kvasir\labeled-images\lower-gi-tract\quality-of-mucosal-views\bbps-2-3,c1c41663-0d1f-4026-8e26-21e4c4c3d9de.jpg,impacted-stool,Validation,hyper-kvasir\labeled-images\lower-gi-tract\quality-of-mucosal-views\impacted-stool
102,0.7485722899436951,bfded792-7135-4d94-95d8-a17168651091.jpg,bbps-2-3,Validation,hyper-kvasir\labeled-images\lower-gi-tract\quality-of-mucosal-views\bbps-2-3,c7525eea-36f5-49fa-8825-0df8da4610c3.jpg,impacted-stool,Train,hyper-kvasir\labeled-images\lower-gi-tract\quality-of-mucosal-views\impacted-stool
268,0.7482882142066956,4b398223-62e8-43e7-8959-b422a2915d7d.jpg,bbps-0-1,Validation,hyper-kvasir\labeled-images\lower-gi-tract\quality-of-mucosal-views\bbps-0-1,d0ebf480-42d2-41fc-88fe-6bdaa135865b.jpg,bbps-2-3,Validation,hyper-kvasir\labeled-images\lower-gi-tract\quality-of-mucosal-views\bbps-2-3
263,0.7476504445075989,4b398223-62e8-43e7-8959-b422a2915d7d.jpg,bbps-0-1,Validation,hyper-kvasir\labeled-images\lower-gi-tract\quality-of-mucosal-views\bbps-0-1,75267784-bdfa-42a7-a79d-6e7658aa3012.jpg,bbps-2-3,Train,hyper-kvasir\labeled-images\lower-gi-tract\quality-of-mucosal-views\bbps-2-3
267,0.7468957901000977,4b398223-62e8-43e7-8959-b422a2915d7d.jpg,bbps-0-1,Validation,hyper-kvasir\labeled-images\lower-gi-tract\quality-of-mucosal-views\bbps-0-1,d201cede-4585-4381-a40f-6ff354ba1010.jpg,bbps-2-3,Validation,hyper-kvasir\labeled-images\lower-gi-tract\quality-of-mucosal-views\bbps-2-3
276,0.7468107342720032,e02abbaf-93d7-4a05-98c8-743b260d9eb4.jpg,bbps-0-1,Train,hyper-kvasir\labeled-images\lower-gi-tract\quality-of-mucosal-views\bbps-0-1,763de819-7cfd-49ab-a5dc-073d61016bc5.jpg,bbps-2-3,Train,hyper-kvasir\labeled-images\lower-gi-tract\quality-of-mucosal-views\bbps-2-3
129,0.7460330128669739,84c230e7-de1f-4f5d-957d-d6fe068a99c2.jpg,bbps-2-3,Validation,hyper-kvasir\labeled-images\lower-gi-tract\quality-of-mucosal-views\bbps-2-3,45191cf7-f191-42c3-a4a7-ee68a13d76fe.jpg,impacted-stool,Validation,hyper-kvasir\labeled-images\lower-gi-tract\quality-of-mucosal-views\impacted-stool
279,0.7451467514038086,9f250a27-dc85-493a-8b43-2628471c557a.jpg,bbps-0-1,Validation,hyper-kvasir\labeled-images\lower-gi-tract\quality-of-mucosal-views\bbps-0-1,5ec3c9fd-db70-41c2-a353-c89d347e3c21.jpg,bbps-2-3,Train,hyper-kvasir\labeled-images\lower-gi-tract\quality-of-mucosal-views\bbps-2-3
138,0.7451021075248718,752b009f-0e1c-4991-8c0b-e3820a327ce1.jpg,bbps-2-3,Train,hyper-kvasir\labeled-images\lower-gi-tract\quality-of-mucosal-views\bbps-2-3,d5010b06-9ad9-4478-8c12-34caf0510d5e.jpg,impacted-stool,Train,hyper-kvasir\labeled-images\lower-gi-tract\quality-of-mucosal-views\impacted-stool
258,0.7441770434379578,f4965691-97c5-4273-beed-1d187e613437.jpg,bbps-0-1,Validation,hyper-kvasir\labeled-images\lower-gi-tract\quality-of-mucosal-views\bbps-0-1,d5300ddb-c858-4765-8d33-77a2caf1f176.jpg,bbps-2-3,Validation,hyper-kvasir\labeled-images\lower-gi-tract\quality-of-mucosal-views\bbps-2-3
257,0.744149923324585,1af40b42-0c9e-41a7-b764-7d5e21c0c773.jpg,bbps-0-1,Train,hyper-kvasir\labeled-images\lower-gi-tract\quality-of-mucosal-views\bbps-0-1,75676104-8f5e-493c-b88f-d36f7d686768.jpg,bbps-2-3,Train,hyper-kvasir\labeled-images\lower-gi-tract\quality-of-mucosal-views\bbps-2-3
106,0.7438052296638489,b39c386a-1628-4950-b2e5-afbfb8fea1c3.jpg,bbps-2-3,Train,hyper-kvasir\labeled-images\lower-gi-tract\quality-of-mucosal-views\bbps-2-3,68402820-8cbc-40dd-a5df-69127a186c76.jpg,impacted-stool,Train,hyper-kvasir\labeled-images\lower-gi-tract\quality-of-mucosal-views\impacted-stool
272,0.7425205707550049,9f250a27-dc85-493a-8b43-2628471c557a.jpg,bbps-0-1,Validation,hyper-kvasir\labeled-images\lower-gi-tract\quality-of-mucosal-views\bbps-0-1,1ebbe5a9-b30a-4dcb-ba0b-e189f01fb8a3.jpg,bbps-2-3,Train,hyper-kvasir\labeled-images\lower-gi-tract\quality-of-mucosal-views\bbps-2-3
134,0.738792896270752,507c70de-d31c-44a8-8bfd-6815710ac195.jpg,bbps-2-3,Validation,hyper-kvasir\labeled-images\lower-gi-tract\quality-of-mucosal-views\bbps-2-3,1d8c657e-1438-4a73-8190-affdcf3ff0a5.jpg,impacted-stool,Validation,hyper-kvasir\labeled-images\lower-gi-tract\quality-of-mucosal-views\impacted-stool
139,0.7377467155456543,5970ef32-70cb-425b-acae-5289c0c6b368.jpg,bbps-2-3,Train,hyper-kvasir\labeled-images\lower-gi-tract\quality-of-mucosal-views\bbps-2-3,02ceb306-aae8-4682-ba94-d6569f31043a.jpg,impacted-stool,Validation,hyper-kvasir\labeled-images\lower-gi-tract\quality-of-mucosal-views\impacted-stool
137,0.7371789813041687,9f9da37c-3061-4bc4-a7fe-7cfba5a327e5.jpg,bbps-2-3,Validation,hyper-kvasir\labeled-images\lower-gi-tract\quality-of-mucosal-views\bbps-2-3,0cafab70-d514-45d5-b999-8d7bfb8cbe5e.jpg,impacted-stool,Train,hyper-kvasir\labeled-images\lower-gi-tract\quality-of-mucosal-views\impacted-stool
265,0.7368741035461426,6e5e7135-abdb-4045-9ef1-fb4629a9651b.jpg,bbps-0-1,Validation,hyper-kvasir\labeled-images\lower-gi-tract\quality-of-mucosal-views\bbps-0-1,75676104-8f5e-493c-b88f-d36f7d686768.jpg,bbps-2-3,Train,hyper-kvasir\labeled-images\lower-gi-tract\quality-of-mucosal-views\bbps-2-3
124,0.7366974353790283,9e031227-371f-45ce-817f-2b32c0bef0b2.jpg,bbps-2-3,Validation,hyper-kvasir\labeled-images\lower-gi-tract\quality-of-mucosal-views\bbps-2-3,70fa2ca9-e08e-43c1-9511-2afea0aa4839.jpg,impacted-stool,Validation,hyper-kvasir\labeled-images\lower-gi-tract\quality-of-mucosal-views\impacted-stool
273,0.73557049036026,a365d1cb-79a1-4be2-a77b-7403872179a2.jpg,bbps-0-1,Train,hyper-kvasir\labeled-images\lower-gi-tract\quality-of-mucosal-views\bbps-0-1,d5300ddb-c858-4765-8d33-77a2caf1f176.jpg,bbps-2-3,Validation,hyper-kvasir\labeled-images\lower-gi-tract\quality-of-mucosal-views\bbps-2-3
271,0.7344477772712708,ef7c721e-e7bb-4131-bfd9-097ffe7cb178.jpg,bbps-0-1,Validation,hyper-kvasir\labeled-images\lower-gi-tract\quality-of-mucosal-views\bbps-0-1,75676104-8f5e-493c-b88f-d36f7d686768.jpg,bbps-2-3,Train,hyper-kvasir\labeled-images\lower-gi-tract\quality-of-mucosal-views\bbps-2-3
280,0.7343661785125732,4b398223-62e8-43e7-8959-b422a2915d7d.jpg,bbps-0-1,Validation,hyper-kvasir\labeled-images\lower-gi-tract\quality-of-mucosal-views\bbps-0-1,c821d824-9ef7-4464-94fe-6fc8ea63d424.jpg,bbps-2-3,Validation,hyper-kvasir\labeled-images\lower-gi-tract\quality-of-mucosal-views\bbps-2-3
128,0.733853816986084,bfded792-7135-4d94-95d8-a17168651091.jpg,bbps-2-3,Validation,hyper-kvasir\labeled-images\lower-gi-tract\quality-of-mucosal-views\bbps-2-3,70fa2ca9-e08e-43c1-9511-2afea0aa4839.jpg,impacted-stool,Validation,hyper-kvasir\labeled-images\lower-gi-tract\quality-of-mucosal-views\impacted-stool
133,0.733050525188446,066d8b7e-6fdf-41c5-b80a-214b111b7c18.jpg,bbps-2-3,Train,hyper-kvasir\labeled-images\lower-gi-tract\quality-of-mucosal-views\bbps-2-3,c1c41663-0d1f-4026-8e26-21e4c4c3d9de.jpg,impacted-stool,Validation,hyper-kvasir\labeled-images\lower-gi-tract\quality-of-mucosal-views\impacted-stool
122,0.7327130436897278,b39c386a-1628-4950-b2e5-afbfb8fea1c3.jpg,bbps-2-3,Train,hyper-kvasir\labeled-images\lower-gi-tract\quality-of-mucosal-views\bbps-2-3,98ec9421-73b0-4988-b822-be239f38b5cf.jpg,impacted-stool,Validation,hyper-kvasir\labeled-images\lower-gi-tract\quality-of-mucosal-views\impacted-stool
275,0.7321116328239441,b773cfdf-9ba3-4f3f-9400-2b2e7f0ed4fa.jpg,bbps-0-1,Validation,hyper-kvasir\labeled-images\lower-gi-tract\quality-of-mucosal-views\bbps-0-1,75676104-8f5e-493c-b88f-d36f7d686768.jpg,bbps-2-3,Train,hyper-kvasir\labeled-images\lower-gi-tract\quality-of-mucosal-views\bbps-2-3
283,0.7319124341011047,e02abbaf-93d7-4a05-98c8-743b260d9eb4.jpg,bbps-0-1,Train,hyper-kvasir\labeled-images\lower-gi-tract\quality-of-mucosal-views\bbps-0-1,507c70de-d31c-44a8-8bfd-6815710ac195.jpg,bbps-2-3,Validation,hyper-kvasir\labeled-images\lower-gi-tract\quality-of-mucosal-views\bbps-2-3
123,0.7307280898094177,72911464-ee8e-4c89-b6ce-056bf9389dec.jpg,bbps-2-3,Train,hyper-kvasir\labeled-images\lower-gi-tract\quality-of-mucosal-views\bbps-2-3,5b51b165-f7ee-4ba7-9b12-89b03d237f45.jpg,impacted-stool,Train,hyper-kvasir\labeled-images\lower-gi-tract\quality-of-mucosal-views\impacted-stool
127,0.7304906845092773,f8cc9ecb-077e-44aa-962d-6e9fa7306e78.jpg,bbps-2-3,Validation,hyper-kvasir\labeled-images\lower-gi-tract\quality-of-mucosal-views\bbps-2-3,41bcce24-0103-4614-9635-cb528e4fdab9.jpg,impacted-stool,Validation,hyper-kvasir\labeled-images\lower-gi-tract\quality-of-mucosal-views\impacted-stool
169,0.7302267551422119,6e465495-029e-4ba7-84c0-bdcd15aac0c6.jpg,bbps-2-3,Train,hyper-kvasir\labeled-images\lower-gi-tract\quality-of-mucosal-views\bbps-2-3,d5010b06-9ad9-4478-8c12-34caf0510d5e.jpg,impacted-stool,Train,hyper-kvasir\labeled-images\lower-gi-tract\quality-of-mucosal-views\impacted-stool
141,0.73002028465271,9f9da37c-3061-4bc4-a7fe-7cfba5a327e5.jpg,bbps-2-3,Validation,hyper-kvasir\labeled-images\lower-gi-tract\quality-of-mucosal-views\bbps-2-3,a5e7b6f1-f4fd-4ba4-a1bf-786a88b52c55.jpg,impacted-stool,Validation,hyper-kvasir\labeled-images\lower-gi-tract\quality-of-mucosal-views\impacted-stool
278,0.7287771105766296,f2f8c33c-7e7b-4ded-a7a7-5462e19cd546.jpg,bbps-0-1,Train,hyper-kvasir\labeled-images\lower-gi-tract\quality-of-mucosal-views\bbps-0-1,75676104-8f5e-493c-b88f-d36f7d686768.jpg,bbps-2-3,Train,hyper-kvasir\labeled-images\lower-gi-tract\quality-of-mucosal-views\bbps-2-3
277,0.7287430763244629,ab796cf4-c0f6-4542-b736-4cfff5353e04.jpg,bbps-0-1,Validation,hyper-kvasir\labeled-images\lower-gi-tract\quality-of-mucosal-views\bbps-0-1,75676104-8f5e-493c-b88f-d36f7d686768.jpg,bbps-2-3,Train,hyper-kvasir\labeled-images\lower-gi-tract\quality-of-mucosal-views\bbps-2-3
145,0.7280030846595764,9f9da37c-3061-4bc4-a7fe-7cfba5a327e5.jpg,bbps-2-3,Validation,hyper-kvasir\labeled-images\lower-gi-tract\quality-of-mucosal-views\bbps-2-3,1d8c657e-1438-4a73-8190-affdcf3ff0a5.jpg,impacted-stool,Validation,hyper-kvasir\labeled-images\lower-gi-tract\quality-of-mucosal-views\impacted-stool
147,0.727273166179657,709f373b-23e0-4d4b-bef5-19833d155664.jpg,bbps-2-3,Train,hyper-kvasir\labeled-images\lower-gi-tract\quality-of-mucosal-views\bbps-2-3,a5e7b6f1-f4fd-4ba4-a1bf-786a88b52c55.jpg,impacted-stool,Validation,hyper-kvasir\labeled-images\lower-gi-tract\quality-of-mucosal-views\impacted-stool
144,0.7245562076568604,9f9da37c-3061-4bc4-a7fe-7cfba5a327e5.jpg,bbps-2-3,Validation,hyper-kvasir\labeled-images\lower-gi-tract\quality-of-mucosal-views\bbps-2-3,937acf17-9678-4769-96a0-253328036d59.jpg,impacted-stool,Train,hyper-kvasir\labeled-images\lower-gi-tract\quality-of-mucosal-views\impacted-stool
286,0.7244413495063782,9f250a27-dc85-493a-8b43-2628471c557a.jpg,bbps-0-1,Validation,hyper-kvasir\labeled-images\lower-gi-tract\quality-of-mucosal-views\bbps-0-1,44e8c1ef-f179-48bd-a35c-dfeda47d3778.jpg,bbps-2-3,Train,hyper-kvasir\labeled-images\lower-gi-tract\quality-of-mucosal-views\bbps-2-3
281,0.7239263653755188,6c5c7c72-9ee9-43d7-bc35-40311725b9c0.jpg,bbps-0-1,Validation,hyper-kvasir\labeled-images\lower-gi-tract\quality-of-mucosal-views\bbps-0-1,75676104-8f5e-493c-b88f-d36f7d686768.jpg,bbps-2-3,Train,hyper-kvasir\labeled-images\lower-gi-tract\quality-of-mucosal-views\bbps-2-3
284,0.7239249348640442,4b398223-62e8-43e7-8959-b422a2915d7d.jpg,bbps-0-1,Validation,hyper-kvasir\labeled-images\lower-gi-tract\quality-of-mucosal-views\bbps-0-1,a2cdf4e6-598a-438e-b860-fae625a11eeb.jpg,bbps-2-3,Train,hyper-kvasir\labeled-images\lower-gi-tract\quality-of-mucosal-views\bbps-2-3
282,0.7234911918640137,f62aae50-474c-47f0-91dd-a1e990b33cd0.jpg,bbps-0-1,Validation,hyper-kvasir\labeled-images\lower-gi-tract\quality-of-mucosal-views\bbps-0-1,75676104-8f5e-493c-b88f-d36f7d686768.jpg,bbps-2-3,Train,hyper-kvasir\labeled-images\lower-gi-tract\quality-of-mucosal-views\bbps-2-3
153,0.7231728434562683,709f373b-23e0-4d4b-bef5-19833d155664.jpg,bbps-2-3,Train,hyper-kvasir\labeled-images\lower-gi-tract\quality-of-mucosal-views\bbps-2-3,1d8c657e-1438-4a73-8190-affdcf3ff0a5.jpg,impacted-stool,Validation,hyper-kvasir\labeled-images\lower-gi-tract\quality-of-mucosal-views\impacted-stool
151,0.7223593592643738,709f373b-23e0-4d4b-bef5-19833d155664.jpg,bbps-2-3,Train,hyper-kvasir\labeled-images\lower-gi-tract\quality-of-mucosal-views\bbps-2-3,0cafab70-d514-45d5-b999-8d7bfb8cbe5e.jpg,impacted-stool,Train,hyper-kvasir\labeled-images\lower-gi-tract\quality-of-mucosal-views\impacted-stool
132,0.7217609286308289,9418cd88-7ffd-469c-ae38-c9ed55ccd064.jpg,bbps-2-3,Train,hyper-kvasir\labeled-images\lower-gi-tract\quality-of-mucosal-views\bbps-2-3,a8c29f0c-e601-489d-ad1e-6d0702eba5b8.jpg,impacted-stool,Train,hyper-kvasir\labeled-images\lower-gi-tract\quality-of-mucosal-views\impacted-stool
152,0.7212241291999817,709f373b-23e0-4d4b-bef5-19833d155664.jpg,bbps-2-3,Train,hyper-kvasir\labeled-images\lower-gi-tract\quality-of-mucosal-views\bbps-2-3,937acf17-9678-4769-96a0-253328036d59.jpg,impacted-stool,Train,hyper-kvasir\labeled-images\lower-gi-tract\quality-of-mucosal-views\impacted-stool
140,0.7179171442985535,6cfa0845-ecd1-4d8a-8075-0490c8e74e9f.jpg,bbps-2-3,Train,hyper-kvasir\labeled-images\lower-gi-tract\quality-of-mucosal-views\bbps-2-3,8892f8e7-8f1c-4687-9beb-1a966c56f794.jpg,impacted-stool,Validation,hyper-kvasir\labeled-images\lower-gi-tract\quality-of-mucosal-views\impacted-stool
167,0.7170267105102539,44fe307d-f6a5-4b7a-ad7b-ab741e55c56d.jpg,bbps-2-3,Train,hyper-kvasir\labeled-images\lower-gi-tract\quality-of-mucosal-views\bbps-2-3,e034905e-de74-4632-ae84-0ca060a49fec.jpg,impacted-stool,Train,hyper-kvasir\labeled-images\lower-gi-tract\quality-of-mucosal-views\impacted-stool
163,0.7140028476715088,706ac95f-453b-4b84-af8c-c656294cc6d0.jpg,bbps-2-3,Train,hyper-kvasir\labeled-images\lower-gi-tract\quality-of-mucosal-views\bbps-2-3,a5e7b6f1-f4fd-4ba4-a1bf-786a88b52c55.jpg,impacted-stool,Validation,hyper-kvasir\labeled-images\lower-gi-tract\quality-of-mucosal-views\impacted-stool
287,0.7136874198913574,50cdf077-ad6f-45f6-a568-9e94aa5fa20c.jpg,ulcerative-colitis-grade-2,Validation,hyper-kvasir\labeled-images\lower-gi-tract\pathological-findings\ulcerative-colitis-grade-2,89d1dd38-0d43-4d58-90c7-2764929062f9.jpg,ulcerative-colitis-grade-3,Validation,hyper-kvasir\labeled-images\lower-gi-tract\pathological-findings\ulcerative-colitis-grade-3
148,0.7135927081108093,7e814cbc-67fb-4848-867f-d9cc53681a99.jpg,bbps-2-3,Train,hyper-kvasir\labeled-images\lower-gi-tract\quality-of-mucosal-views\bbps-2-3,202f55f1-77b7-42be-a47c-f68cc227adee.jpg,impacted-stool,Train,hyper-kvasir\labeled-images\lower-gi-tract\quality-of-mucosal-views\impacted-stool
288,0.7130427956581116,7a8f5650-43e7-4379-be02-4e2d036ede24.jpg,ulcerative-colitis-grade-2,Validation,hyper-kvasir\labeled-images\lower-gi-tract\pathological-findings\ulcerative-colitis-grade-2,a8c7e976-6ce0-49a4-a992-4c55d1de67c3.jpg,ulcerative-colitis-grade-2-3,Validation,hyper-kvasir\labeled-images\lower-gi-tract\pathological-findings\ulcerative-colitis-grade-2-3
131,0.7127049565315247,653dcb48-d8d7-4cd9-8a4d-542585575c71.jpg,bbps-2-3,Train,hyper-kvasir\labeled-images\lower-gi-tract\quality-of-mucosal-views\bbps-2-3,b0badba0-7618-42ab-8330-90863a873716.jpg,impacted-stool,Train,hyper-kvasir\labeled-images\lower-gi-tract\quality-of-mucosal-views\impacted-stool
285,0.7124148011207581,e879473a-c8fe-4d68-a6ec-133198b9ea9d.jpg,bbps-0-1,Train,hyper-kvasir\labeled-images\lower-gi-tract\quality-of-mucosal-views\bbps-0-1,75676104-8f5e-493c-b88f-d36f7d686768.jpg,bbps-2-3,Train,hyper-kvasir\labeled-images\lower-gi-tract\quality-of-mucosal-views\bbps-2-3
142,0.7111991047859192,61934b4a-ee72-4111-92ed-391622ef5f4f.jpg,bbps-2-3,Validation,hyper-kvasir\labeled-images\lower-gi-tract\quality-of-mucosal-views\bbps-2-3,4773ccd5-5f42-4509-8010-1f20bf0b1233.jpg,impacted-stool,Validation,hyper-kvasir\labeled-images\lower-gi-tract\quality-of-mucosal-views\impacted-stool
135,0.7108089923858643,72911464-ee8e-4c89-b6ce-056bf9389dec.jpg,bbps-2-3,Train,hyper-kvasir\labeled-images\lower-gi-tract\quality-of-mucosal-views\bbps-2-3,b0badba0-7618-42ab-8330-90863a873716.jpg,impacted-stool,Train,hyper-kvasir\labeled-images\lower-gi-tract\quality-of-mucosal-views\impacted-stool
158,0.7095987796783447,7e814cbc-67fb-4848-867f-d9cc53681a99.jpg,bbps-2-3,Train,hyper-kvasir\labeled-images\lower-gi-tract\quality-of-mucosal-views\bbps-2-3,d26f8b53-ee7c-4844-99e1-9d3408065983.jpg,impacted-stool,Validation,hyper-kvasir\labeled-images\lower-gi-tract\quality-of-mucosal-views\impacted-stool
166,0.7078847289085388,c8923ad5-d933-41a0-87b7-2fa4f1d51ee1.jpg,bbps-2-3,Validation,hyper-kvasir\labeled-images\lower-gi-tract\quality-of-mucosal-views\bbps-2-3,0cafab70-d514-45d5-b999-8d7bfb8cbe5e.jpg,impacted-stool,Train,hyper-kvasir\labeled-images\lower-gi-tract\quality-of-mucosal-views\impacted-stool
170,0.7078123092651367,57b47642-5e20-4fe6-ae43-c0fa6aa49cb5.jpg,bbps-2-3,Validation,hyper-kvasir\labeled-images\lower-gi-tract\quality-of-mucosal-views\bbps-2-3,a5e7b6f1-f4fd-4ba4-a1bf-786a88b52c55.jpg,impacted-stool,Validation,hyper-kvasir\labeled-images\lower-gi-tract\quality-of-mucosal-views\impacted-stool
150,0.707754909992218,9e031227-371f-45ce-817f-2b32c0bef0b2.jpg,bbps-2-3,Validation,hyper-kvasir\labeled-images\lower-gi-tract\quality-of-mucosal-views\bbps-2-3,8892f8e7-8f1c-4687-9beb-1a966c56f794.jpg,impacted-stool,Validation,hyper-kvasir\labeled-images\lower-gi-tract\quality-of-mucosal-views\impacted-stool
171,0.7073802351951599,57b47642-5e20-4fe6-ae43-c0fa6aa49cb5.jpg,bbps-2-3,Validation,hyper-kvasir\labeled-images\lower-gi-tract\quality-of-mucosal-views\bbps-2-3,0cafab70-d514-45d5-b999-8d7bfb8cbe5e.jpg,impacted-stool,Train,hyper-kvasir\labeled-images\lower-gi-tract\quality-of-mucosal-views\impacted-stool
143,0.707377016544342,f91b575c-8390-436f-bc76-ac1d9a168e93.jpg,bbps-2-3,Validation,hyper-kvasir\labeled-images\lower-gi-tract\quality-of-mucosal-views\bbps-2-3,202f55f1-77b7-42be-a47c-f68cc227adee.jpg,impacted-stool,Train,hyper-kvasir\labeled-images\lower-gi-tract\quality-of-mucosal-views\impacted-stool
160,0.7065199017524719,9f9da37c-3061-4bc4-a7fe-7cfba5a327e5.jpg,bbps-2-3,Validation,hyper-kvasir\labeled-images\lower-gi-tract\quality-of-mucosal-views\bbps-2-3,5a43c182-4009-411a-82a2-0c147f20af3f.jpg,impacted-stool,Validation,hyper-kvasir\labeled-images\lower-gi-tract\quality-of-mucosal-views\impacted-stool
173,0.7053954005241394,c0dd9267-65e8-4dd9-af23-f15c160d11ce.jpg,bbps-2-3,Validation,hyper-kvasir\labeled-images\lower-gi-tract\quality-of-mucosal-views\bbps-2-3,a5e7b6f1-f4fd-4ba4-a1bf-786a88b52c55.jpg,impacted-stool,Validation,hyper-kvasir\labeled-images\lower-gi-tract\quality-of-mucosal-views\impacted-stool
164,0.7052600383758545,709f373b-23e0-4d4b-bef5-19833d155664.jpg,bbps-2-3,Train,hyper-kvasir\labeled-images\lower-gi-tract\quality-of-mucosal-views\bbps-2-3,5a43c182-4009-411a-82a2-0c147f20af3f.jpg,impacted-stool,Validation,hyper-kvasir\labeled-images\lower-gi-tract\quality-of-mucosal-views\impacted-stool
180,0.7044594287872314,94680ed9-06ea-47b5-ac8a-81321cfa2eee.jpg,bbps-2-3,Validation,hyper-kvasir\labeled-images\lower-gi-tract\quality-of-mucosal-views\bbps-2-3,a5e7b6f1-f4fd-4ba4-a1bf-786a88b52c55.jpg,impacted-stool,Validation,hyper-kvasir\labeled-images\lower-gi-tract\quality-of-mucosal-views\impacted-stool
178,0.7043778896331787,3b473275-8367-4cad-ae0c-8bb86b9c9444.jpg,bbps-2-3,Train,hyper-kvasir\labeled-images\lower-gi-tract\quality-of-mucosal-views\bbps-2-3,0cafab70-d514-45d5-b999-8d7bfb8cbe5e.jpg,impacted-stool,Train,hyper-kvasir\labeled-images\lower-gi-tract\quality-of-mucosal-views\impacted-stool
149,0.7043636441230774,9418cd88-7ffd-469c-ae38-c9ed55ccd064.jpg,bbps-2-3,Train,hyper-kvasir\labeled-images\lower-gi-tract\quality-of-mucosal-views\bbps-2-3,8892f8e7-8f1c-4687-9beb-1a966c56f794.jpg,impacted-stool,Validation,hyper-kvasir\labeled-images\lower-gi-tract\quality-of-mucosal-views\impacted-stool
200,0.7042222023010254,3c0b0340-4dcb-425e-8108-706fe918ed6b.jpg,bbps-2-3,Train,hyper-kvasir\labeled-images\lower-gi-tract\quality-of-mucosal-views\bbps-2-3,0cafab70-d514-45d5-b999-8d7bfb8cbe5e.jpg,impacted-stool,Train,hyper-kvasir\labeled-images\lower-gi-tract\quality-of-mucosal-views\impacted-stool
154,0.7040674090385437,bfded792-7135-4d94-95d8-a17168651091.jpg,bbps-2-3,Validation,hyper-kvasir\labeled-images\lower-gi-tract\quality-of-mucosal-views\bbps-2-3,8892f8e7-8f1c-4687-9beb-1a966c56f794.jpg,impacted-stool,Validation,hyper-kvasir\labeled-images\lower-gi-tract\quality-of-mucosal-views\impacted-stool
190,0.7039971351623535,c0dd9267-65e8-4dd9-af23-f15c160d11ce.jpg,bbps-2-3,Validation,hyper-kvasir\labeled-images\lower-gi-tract\quality-of-mucosal-views\bbps-2-3,0cafab70-d514-45d5-b999-8d7bfb8cbe5e.jpg,impacted-stool,Train,hyper-kvasir\labeled-images\lower-gi-tract\quality-of-mucosal-views\impacted-stool
155,0.7038851380348206,7e814cbc-67fb-4848-867f-d9cc53681a99.jpg,bbps-2-3,Train,hyper-kvasir\labeled-images\lower-gi-tract\quality-of-mucosal-views\bbps-2-3,d92851a0-5d6a-4f3c-a0dd-1ae43ade0770.jpg,impacted-stool,Train,hyper-kvasir\labeled-images\lower-gi-tract\quality-of-mucosal-views\impacted-stool
162,0.7036225199699402,9f9da37c-3061-4bc4-a7fe-7cfba5a327e5.jpg,bbps-2-3,Validation,hyper-kvasir\labeled-images\lower-gi-tract\quality-of-mucosal-views\bbps-2-3,6f1c4143-a234-4980-abaf-c97eb9584c36.jpg,impacted-stool,Validation,hyper-kvasir\labeled-images\lower-gi-tract\quality-of-mucosal-views\impacted-stool
185,0.7034927010536194,57b47642-5e20-4fe6-ae43-c0fa6aa49cb5.jpg,bbps-2-3,Validation,hyper-kvasir\labeled-images\lower-gi-tract\quality-of-mucosal-views\bbps-2-3,937acf17-9678-4769-96a0-253328036d59.jpg,impacted-stool,Train,hyper-kvasir\labeled-images\lower-gi-tract\quality-of-mucosal-views\impacted-stool
157,0.7032727599143982,e767fc5d-b43f-4585-8309-df336560541a.jpg,bbps-2-3,Validation,hyper-kvasir\labeled-images\lower-gi-tract\quality-of-mucosal-views\bbps-2-3,202f55f1-77b7-42be-a47c-f68cc227adee.jpg,impacted-stool,Train,hyper-kvasir\labeled-images\lower-gi-tract\quality-of-mucosal-views\impacted-stool
176,0.703136146068573,84c230e7-de1f-4f5d-957d-d6fe068a99c2.jpg,bbps-2-3,Validation,hyper-kvasir\labeled-images\lower-gi-tract\quality-of-mucosal-views\bbps-2-3,5d752aea-9fa0-46a1-9c50-60d3a99a5a8e.jpg,impacted-stool,Validation,hyper-kvasir\labeled-images\lower-gi-tract\quality-of-mucosal-views\impacted-stool
204,0.7031342387199402,9f961056-b9ac-445e-a0da-bce4013522fd.jpg,bbps-2-3,Train,hyper-kvasir\labeled-images\lower-gi-tract\quality-of-mucosal-views\bbps-2-3,0cafab70-d514-45d5-b999-8d7bfb8cbe5e.jpg,impacted-stool,Train,hyper-kvasir\labeled-images\lower-gi-tract\quality-of-mucosal-views\impacted-stool
205,0.7030520439147949,905010cb-16a3-4908-8a00-bd78a71d52fd.jpg,bbps-2-3,Train,hyper-kvasir\labeled-images\lower-gi-tract\quality-of-mucosal-views\bbps-2-3,5a43c182-4009-411a-82a2-0c147f20af3f.jpg,impacted-stool,Validation,hyper-kvasir\labeled-images\lower-gi-tract\quality-of-mucosal-views\impacted-stool
199,0.702962338924408,c0dd9267-65e8-4dd9-af23-f15c160d11ce.jpg,bbps-2-3,Validation,hyper-kvasir\labeled-images\lower-gi-tract\quality-of-mucosal-views\bbps-2-3,1d8c657e-1438-4a73-8190-affdcf3ff0a5.jpg,impacted-stool,Validation,hyper-kvasir\labeled-images\lower-gi-tract\quality-of-mucosal-views\impacted-stool
159,0.7020036578178406,525f7e34-6d72-4304-bca9-54328d01eea6.jpg,bbps-2-3,Train,hyper-kvasir\labeled-images\lower-gi-tract\quality-of-mucosal-views\bbps-2-3,0efd1223-d399-4cce-a42d-fce160713164.jpg,impacted-stool,Validation,hyper-kvasir\labeled-images\lower-gi-tract\quality-of-mucosal-views\impacted-stool
201,0.7019798159599304,9f961056-b9ac-445e-a0da-bce4013522fd.jpg,bbps-2-3,Train,hyper-kvasir\labeled-images\lower-gi-tract\quality-of-mucosal-views\bbps-2-3,a5e7b6f1-f4fd-4ba4-a1bf-786a88b52c55.jpg,impacted-stool,Validation,hyper-kvasir\labeled-images\lower-gi-tract\quality-of-mucosal-views\impacted-stool
188,0.7019444108009338,57b47642-5e20-4fe6-ae43-c0fa6aa49cb5.jpg,bbps-2-3,Validation,hyper-kvasir\labeled-images\lower-gi-tract\quality-of-mucosal-views\bbps-2-3,5fc0d240-137f-4d0a-9c0e-861a8a9c98fa.jpg,impacted-stool,Train,hyper-kvasir\labeled-images\lower-gi-tract\quality-of-mucosal-views\impacted-stool
209,0.7018775939941406,a9c2ad77-94fe-485b-a89f-4b7fecace3db.jpg,bbps-2-3,Validation,hyper-kvasir\labeled-images\lower-gi-tract\quality-of-mucosal-views\bbps-2-3,1d8c657e-1438-4a73-8190-affdcf3ff0a5.jpg,impacted-stool,Validation,hyper-kvasir\labeled-images\lower-gi-tract\quality-of-mucosal-views\impacted-stool
177,0.7016971111297607,57b47642-5e20-4fe6-ae43-c0fa6aa49cb5.jpg,bbps-2-3,Validation,hyper-kvasir\labeled-images\lower-gi-tract\quality-of-mucosal-views\bbps-2-3,c1c41663-0d1f-4026-8e26-21e4c4c3d9de.jpg,impacted-stool,Validation,hyper-kvasir\labeled-images\lower-gi-tract\quality-of-mucosal-views\impacted-stool
182,0.7015566229820251,c0dd9267-65e8-4dd9-af23-f15c160d11ce.jpg,bbps-2-3,Validation,hyper-kvasir\labeled-images\lower-gi-tract\quality-of-mucosal-views\bbps-2-3,c1c41663-0d1f-4026-8e26-21e4c4c3d9de.jpg,impacted-stool,Validation,hyper-kvasir\labeled-images\lower-gi-tract\quality-of-mucosal-views\impacted-stool
174,0.7009369730949402,3b473275-8367-4cad-ae0c-8bb86b9c9444.jpg,bbps-2-3,Train,hyper-kvasir\labeled-images\lower-gi-tract\quality-of-mucosal-views\bbps-2-3,c1c41663-0d1f-4026-8e26-21e4c4c3d9de.jpg,impacted-stool,Validation,hyper-kvasir\labeled-images\lower-gi-tract\quality-of-mucosal-views\impacted-stool
194,0.7006074786186218,c0dd9267-65e8-4dd9-af23-f15c160d11ce.jpg,bbps-2-3,Validation,hyper-kvasir\labeled-images\lower-gi-tract\quality-of-mucosal-views\bbps-2-3,937acf17-9678-4769-96a0-253328036d59.jpg,impacted-stool,Train,hyper-kvasir\labeled-images\lower-gi-tract\quality-of-mucosal-views\impacted-stool
207,0.7002511620521545,644876db-faac-428a-b206-51e0d6256d12.jpg,bbps-2-3,Validation,hyper-kvasir\labeled-images\lower-gi-tract\quality-of-mucosal-views\bbps-2-3,1d8c657e-1438-4a73-8190-affdcf3ff0a5.jpg,impacted-stool,Validation,hyper-kvasir\labeled-images\lower-gi-tract\quality-of-mucosal-views\impacted-stool
175,0.7000676989555359,767b0bf8-79ec-4209-a5e3-023fe07a2955.jpg,bbps-2-3,Train,hyper-kvasir\labeled-images\lower-gi-tract\quality-of-mucosal-views\bbps-2-3,a5e7b6f1-f4fd-4ba4-a1bf-786a88b52c55.jpg,impacted-stool,Validation,hyper-kvasir\labeled-images\lower-gi-tract\quality-of-mucosal-views\impacted-stool
195,0.7000307440757751,c0dd9267-65e8-4dd9-af23-f15c160d11ce.jpg,bbps-2-3,Validation,hyper-kvasir\labeled-images\lower-gi-tract\quality-of-mucosal-views\bbps-2-3,5fc0d240-137f-4d0a-9c0e-861a8a9c98fa.jpg,impacted-stool,Train,hyper-kvasir\labeled-images\lower-gi-tract\quality-of-mucosal-views\impacted-stool
208,0.6999338269233704,7f210eb9-096f-45c2-b30e-39a0749342db.jpg,bbps-2-3,Train,hyper-kvasir\labeled-images\lower-gi-tract\quality-of-mucosal-views\bbps-2-3,5fc0d240-137f-4d0a-9c0e-861a8a9c98fa.jpg,impacted-stool,Train,hyper-kvasir\labeled-images\lower-gi-tract\quality-of-mucosal-views\impacted-stool
217,0.6997416615486145,29063d97-63a2-44d4-aeed-feb7c9aa73c4.jpg,bbps-2-3,Validation,hyper-kvasir\labeled-images\lower-gi-tract\quality-of-mucosal-views\bbps-2-3,a5e7b6f1-f4fd-4ba4-a1bf-786a88b52c55.jpg,impacted-stool,Validation,hyper-kvasir\labeled-images\lower-gi-tract\quality-of-mucosal-views\impacted-stool
189,0.6995280385017395,3c0b0340-4dcb-425e-8108-706fe918ed6b.jpg,bbps-2-3,Train,hyper-kvasir\labeled-images\lower-gi-tract\quality-of-mucosal-views\bbps-2-3,b144416f-a49f-4a97-bc3f-d74a40dfe03e.jpg,impacted-stool,Train,hyper-kvasir\labeled-images\lower-gi-tract\quality-of-mucosal-views\impacted-stool
156,0.6994209885597229,0b08086e-20ec-42a5-b166-a92da513f0a1.jpg,bbps-2-3,Train,hyper-kvasir\labeled-images\lower-gi-tract\quality-of-mucosal-views\bbps-2-3,4773ccd5-5f42-4509-8010-1f20bf0b1233.jpg,impacted-stool,Validation,hyper-kvasir\labeled-images\lower-gi-tract\quality-of-mucosal-views\impacted-stool
168,0.699195921421051,709f373b-23e0-4d4b-bef5-19833d155664.jpg,bbps-2-3,Train,hyper-kvasir\labeled-images\lower-gi-tract\quality-of-mucosal-views\bbps-2-3,6f1c4143-a234-4980-abaf-c97eb9584c36.jpg,impacted-stool,Validation,hyper-kvasir\labeled-images\lower-gi-tract\quality-of-mucosal-views\impacted-stool
179,0.6990039944648743,d4d37717-5522-4236-874f-24bbb87d8870.jpg,bbps-2-3,Train,hyper-kvasir\labeled-images\lower-gi-tract\quality-of-mucosal-views\bbps-2-3,a5e7b6f1-f4fd-4ba4-a1bf-786a88b52c55.jpg,impacted-stool,Validation,hyper-kvasir\labeled-images\lower-gi-tract\quality-of-mucosal-views\impacted-stool
202,0.6989914774894714,924f409a-5ce5-4248-9647-7060eaf285b0.jpg,bbps-2-3,Train,hyper-kvasir\labeled-images\lower-gi-tract\quality-of-mucosal-views\bbps-2-3,a5e7b6f1-f4fd-4ba4-a1bf-786a88b52c55.jpg,impacted-stool,Validation,hyper-kvasir\labeled-images\lower-gi-tract\quality-of-mucosal-views\impacted-stool
146,0.6980206370353699,72911464-ee8e-4c89-b6ce-056bf9389dec.jpg,bbps-2-3,Train,hyper-kvasir\labeled-images\lower-gi-tract\quality-of-mucosal-views\bbps-2-3,4ecd4b9e-c118-471c-a8e3-1bb6c78b94e8.jpg,impacted-stool,Train,hyper-kvasir\labeled-images\lower-gi-tract\quality-of-mucosal-views\impacted-stool
198,0.6975595355033875,57b47642-5e20-4fe6-ae43-c0fa6aa49cb5.jpg,bbps-2-3,Validation,hyper-kvasir\labeled-images\lower-gi-tract\quality-of-mucosal-views\bbps-2-3,b144416f-a49f-4a97-bc3f-d74a40dfe03e.jpg,impacted-stool,Train,hyper-kvasir\labeled-images\lower-gi-tract\quality-of-mucosal-views\impacted-stool
181,0.6975257992744446,1a4d27c2-6601-46a4-97e6-a8e9358f8110.jpg,bbps-2-3,Validation,hyper-kvasir\labeled-images\lower-gi-tract\quality-of-mucosal-views\bbps-2-3,a5e7b6f1-f4fd-4ba4-a1bf-786a88b52c55.jpg,impacted-stool,Validation,hyper-kvasir\labeled-images\lower-gi-tract\quality-of-mucosal-views\impacted-stool
191,0.6973390579223633,767b0bf8-79ec-4209-a5e3-023fe07a2955.jpg,bbps-2-3,Train,hyper-kvasir\labeled-images\lower-gi-tract\quality-of-mucosal-views\bbps-2-3,937acf17-9678-4769-96a0-253328036d59.jpg,impacted-stool,Train,hyper-kvasir\labeled-images\lower-gi-tract\quality-of-mucosal-views\impacted-stool
211,0.6971486210823059,452d09bc-699a-4aaf-94d0-5478598e3bdd.jpg,bbps-2-3,Train,hyper-kvasir\labeled-images\lower-gi-tract\quality-of-mucosal-views\bbps-2-3,5fc0d240-137f-4d0a-9c0e-861a8a9c98fa.jpg,impacted-stool,Train,hyper-kvasir\labeled-images\lower-gi-tract\quality-of-mucosal-views\impacted-stool
212,0.6958826184272766,5970ef32-70cb-425b-acae-5289c0c6b368.jpg,bbps-2-3,Train,hyper-kvasir\labeled-images\lower-gi-tract\quality-of-mucosal-views\bbps-2-3,3c59ec20-4bc3-48b7-b5de-e96b652f5fed.jpg,impacted-stool,Train,hyper-kvasir\labeled-images\lower-gi-tract\quality-of-mucosal-views\impacted-stool
196,0.6955855488777161,d4d37717-5522-4236-874f-24bbb87d8870.jpg,bbps-2-3,Train,hyper-kvasir\labeled-images\lower-gi-tract\quality-of-mucosal-views\bbps-2-3,937acf17-9678-4769-96a0-253328036d59.jpg,impacted-stool,Train,hyper-kvasir\labeled-images\lower-gi-tract\quality-of-mucosal-views\impacted-stool
210,0.6953981518745422,bab814bf-831b-4a82-aafa-403e9419536a.jpg,bbps-2-3,Validation,hyper-kvasir\labeled-images\lower-gi-tract\quality-of-mucosal-views\bbps-2-3,5a43c182-4009-411a-82a2-0c147f20af3f.jpg,impacted-stool,Validation,hyper-kvasir\labeled-images\lower-gi-tract\quality-of-mucosal-views\impacted-stool
206,0.6950178742408752,924f409a-5ce5-4248-9647-7060eaf285b0.jpg,bbps-2-3,Train,hyper-kvasir\labeled-images\lower-gi-tract\quality-of-mucosal-views\bbps-2-3,937acf17-9678-4769-96a0-253328036d59.jpg,impacted-stool,Train,hyper-kvasir\labeled-images\lower-gi-tract\quality-of-mucosal-views\impacted-stool
197,0.6948123574256897,42e47a3d-f670-4030-8e11-722bbeb11108.jpg,bbps-2-3,Validation,hyper-kvasir\labeled-images\lower-gi-tract\quality-of-mucosal-views\bbps-2-3,a5e7b6f1-f4fd-4ba4-a1bf-786a88b52c55.jpg,impacted-stool,Validation,hyper-kvasir\labeled-images\lower-gi-tract\quality-of-mucosal-views\impacted-stool
214,0.6944637894630432,29063d97-63a2-44d4-aeed-feb7c9aa73c4.jpg,bbps-2-3,Validation,hyper-kvasir\labeled-images\lower-gi-tract\quality-of-mucosal-views\bbps-2-3,5a43c182-4009-411a-82a2-0c147f20af3f.jpg,impacted-stool,Validation,hyper-kvasir\labeled-images\lower-gi-tract\quality-of-mucosal-views\impacted-stool
186,0.6924183964729309,f8cc9ecb-077e-44aa-962d-6e9fa7306e78.jpg,bbps-2-3,Validation,hyper-kvasir\labeled-images\lower-gi-tract\quality-of-mucosal-views\bbps-2-3,3111049e-676f-48c5-be37-b69578b9fcce.jpg,impacted-stool,Validation,hyper-kvasir\labeled-images\lower-gi-tract\quality-of-mucosal-views\impacted-stool
184,0.6922342777252197,ec7e86fd-d559-4c8e-9b17-0e23490e1404.jpg,bbps-2-3,Train,hyper-kvasir\labeled-images\lower-gi-tract\quality-of-mucosal-views\bbps-2-3,d26f8b53-ee7c-4844-99e1-9d3408065983.jpg,impacted-stool,Validation,hyper-kvasir\labeled-images\lower-gi-tract\quality-of-mucosal-views\impacted-stool
226,0.6919588446617126,dea9eb8b-fe29-425b-84a8-0fb1ae01c1e8.jpg,bbps-2-3,Train,hyper-kvasir\labeled-images\lower-gi-tract\quality-of-mucosal-views\bbps-2-3,0cafab70-d514-45d5-b999-8d7bfb8cbe5e.jpg,impacted-stool,Train,hyper-kvasir\labeled-images\lower-gi-tract\quality-of-mucosal-views\impacted-stool
165,0.691440999507904,61934b4a-ee72-4111-92ed-391622ef5f4f.jpg,bbps-2-3,Validation,hyper-kvasir\labeled-images\lower-gi-tract\quality-of-mucosal-views\bbps-2-3,600ad059-f433-48f3-a764-a203c5264923.jpg,impacted-stool,Train,hyper-kvasir\labeled-images\lower-gi-tract\quality-of-mucosal-views\impacted-stool
219,0.690255880355835,cd3d183d-73a9-463c-89cf-27a1d98d2f20.jpg,bbps-2-3,Train,hyper-kvasir\labeled-images\lower-gi-tract\quality-of-mucosal-views\bbps-2-3,0cafab70-d514-45d5-b999-8d7bfb8cbe5e.jpg,impacted-stool,Train,hyper-kvasir\labeled-images\lower-gi-tract\quality-of-mucosal-views\impacted-stool
216,0.6901609897613525,cd3d183d-73a9-463c-89cf-27a1d98d2f20.jpg,bbps-2-3,Train,hyper-kvasir\labeled-images\lower-gi-tract\quality-of-mucosal-views\bbps-2-3,a5e7b6f1-f4fd-4ba4-a1bf-786a88b52c55.jpg,impacted-stool,Validation,hyper-kvasir\labeled-images\lower-gi-tract\quality-of-mucosal-views\impacted-stool
227,0.689495325088501,0910f986-892b-4f3c-ba86-86f7559e8720.jpg,bbps-2-3,Train,hyper-kvasir\labeled-images\lower-gi-tract\quality-of-mucosal-views\bbps-2-3,937acf17-9678-4769-96a0-253328036d59.jpg,impacted-stool,Train,hyper-kvasir\labeled-images\lower-gi-tract\quality-of-mucosal-views\impacted-stool
161,0.6881191730499268,5025730a-3f5c-4e7e-ba5e-06f82bb7e7a6.jpg,bbps-2-3,Train,hyper-kvasir\labeled-images\lower-gi-tract\quality-of-mucosal-views\bbps-2-3,f917de7a-2ec4-4cec-92d4-cf27e8b1fcb8.jpg,impacted-stool,Validation,hyper-kvasir\labeled-images\lower-gi-tract\quality-of-mucosal-views\impacted-stool
236,0.6877467632293701,a09cd6d5-0ffb-4da9-966c-e99191b71b6b.jpg,bbps-2-3,Validation,hyper-kvasir\labeled-images\lower-gi-tract\quality-of-mucosal-views\bbps-2-3,a5e7b6f1-f4fd-4ba4-a1bf-786a88b52c55.jpg,impacted-stool,Validation,hyper-kvasir\labeled-images\lower-gi-tract\quality-of-mucosal-views\impacted-stool
183,0.6870257258415222,5025730a-3f5c-4e7e-ba5e-06f82bb7e7a6.jpg,bbps-2-3,Train,hyper-kvasir\labeled-images\lower-gi-tract\quality-of-mucosal-views\bbps-2-3,3111049e-676f-48c5-be37-b69578b9fcce.jpg,impacted-stool,Validation,hyper-kvasir\labeled-images\lower-gi-tract\quality-of-mucosal-views\impacted-stool
228,0.6855428814888,a26646b9-87ad-4b09-b540-22865bf706e8.jpg,bbps-2-3,Validation,hyper-kvasir\labeled-images\lower-gi-tract\quality-of-mucosal-views\bbps-2-3,a5e7b6f1-f4fd-4ba4-a1bf-786a88b52c55.jpg,impacted-stool,Validation,hyper-kvasir\labeled-images\lower-gi-tract\quality-of-mucosal-views\impacted-stool
203,0.6843387484550476,61934b4a-ee72-4111-92ed-391622ef5f4f.jpg,bbps-2-3,Validation,hyper-kvasir\labeled-images\lower-gi-tract\quality-of-mucosal-views\bbps-2-3,857506f1-ee47-4f0c-9b78-794ff1ba121c.jpg,impacted-stool,Validation,hyper-kvasir\labeled-images\lower-gi-tract\quality-of-mucosal-views\impacted-stool
193,0.6843177676200867,5025730a-3f5c-4e7e-ba5e-06f82bb7e7a6.jpg,bbps-2-3,Train,hyper-kvasir\labeled-images\lower-gi-tract\quality-of-mucosal-views\bbps-2-3,ee70e09c-8bcd-4bb2-be29-c497f706196a.jpg,impacted-stool,Validation,hyper-kvasir\labeled-images\lower-gi-tract\quality-of-mucosal-views\impacted-stool
213,0.6842289566993713,c3856fde-ecb3-4963-bc1e-8edf78a8b336.jpg,bbps-2-3,Validation,hyper-kvasir\labeled-images\lower-gi-tract\quality-of-mucosal-views\bbps-2-3,4773ccd5-5f42-4509-8010-1f20bf0b1233.jpg,impacted-stool,Validation,hyper-kvasir\labeled-images\lower-gi-tract\quality-of-mucosal-views\impacted-stool
187,0.6841449737548828,5025730a-3f5c-4e7e-ba5e-06f82bb7e7a6.jpg,bbps-2-3,Train,hyper-kvasir\labeled-images\lower-gi-tract\quality-of-mucosal-views\bbps-2-3,a0b980ef-36a5-458a-bc99-471580b62101.jpg,impacted-stool,Train,hyper-kvasir\labeled-images\lower-gi-tract\quality-of-mucosal-views\impacted-stool
225,0.6840885281562805,9f666ee6-cad6-47c3-83d8-2661d82227ba.jpg,bbps-2-3,Train,hyper-kvasir\labeled-images\lower-gi-tract\quality-of-mucosal-views\bbps-2-3,0cafab70-d514-45d5-b999-8d7bfb8cbe5e.jpg,impacted-stool,Train,hyper-kvasir\labeled-images\lower-gi-tract\quality-of-mucosal-views\impacted-stool
222,0.6839417815208435,5b454068-df41-4b9c-adab-4ce03fd3ec04.jpg,bbps-2-3,Train,hyper-kvasir\labeled-images\lower-gi-tract\quality-of-mucosal-views\bbps-2-3,8dbf6ead-8801-4a28-b811-62567dd2edb5.jpg,impacted-stool,Train,hyper-kvasir\labeled-images\lower-gi-tract\quality-of-mucosal-views\impacted-stool
261,0.6830529570579529,a265703a-8489-4204-883e-d08b07aa4d6f.jpg,bbps-0-1,Validation,hyper-kvasir\labeled-images\lower-gi-tract\quality-of-mucosal-views\bbps-0-1,3f8801c1-4481-4892-89a5-0364645c8801.jpg,bbps-2-3,Train,hyper-kvasir\labeled-images\lower-gi-tract\quality-of-mucosal-views\bbps-2-3
223,0.6824361681938171,cfa4c35e-0125-46b0-8c3d-7030d6ee8d0a.jpg,bbps-2-3,Train,hyper-kvasir\labeled-images\lower-gi-tract\quality-of-mucosal-views\bbps-2-3,6f1c4143-a234-4980-abaf-c97eb9584c36.jpg,impacted-stool,Validation,hyper-kvasir\labeled-images\lower-gi-tract\quality-of-mucosal-views\impacted-stool
192,0.681590735912323,5025730a-3f5c-4e7e-ba5e-06f82bb7e7a6.jpg,bbps-2-3,Train,hyper-kvasir\labeled-images\lower-gi-tract\quality-of-mucosal-views\bbps-2-3,eb6de488-d7c8-4b68-81ee-6ba09a25ae5b.jpg,impacted-stool,Train,hyper-kvasir\labeled-images\lower-gi-tract\quality-of-mucosal-views\impacted-stool
229,0.6808490753173828,3e561e1d-65cf-49eb-b2ad-18eefcdbd741.jpg,bbps-2-3,Validation,hyper-kvasir\labeled-images\lower-gi-tract\quality-of-mucosal-views\bbps-2-3,a5e7b6f1-f4fd-4ba4-a1bf-786a88b52c55.jpg,impacted-stool,Validation,hyper-kvasir\labeled-images\lower-gi-tract\quality-of-mucosal-views\impacted-stool
215,0.680471658706665,61934b4a-ee72-4111-92ed-391622ef5f4f.jpg,bbps-2-3,Validation,hyper-kvasir\labeled-images\lower-gi-tract\quality-of-mucosal-views\bbps-2-3,30ce88da-47be-48b6-8da4-291433e70878.jpg,impacted-stool,Train,hyper-kvasir\labeled-images\lower-gi-tract\quality-of-mucosal-views\impacted-stool
172,0.680284321308136,72911464-ee8e-4c89-b6ce-056bf9389dec.jpg,bbps-2-3,Train,hyper-kvasir\labeled-images\lower-gi-tract\quality-of-mucosal-views\bbps-2-3,a741d4f0-dccb-48ab-afc6-6ee8a49ff792.jpg,impacted-stool,Train,hyper-kvasir\labeled-images\lower-gi-tract\quality-of-mucosal-views\impacted-stool
233,0.6796770095825195,c9863e14-e549-49ae-8fbd-d00b57ce4e9a.jpg,bbps-2-3,Validation,hyper-kvasir\labeled-images\lower-gi-tract\quality-of-mucosal-views\bbps-2-3,5fc0d240-137f-4d0a-9c0e-861a8a9c98fa.jpg,impacted-stool,Train,hyper-kvasir\labeled-images\lower-gi-tract\quality-of-mucosal-views\impacted-stool
235,0.6793045997619629,275d5c2b-079b-430e-b122-0ff4aebb536e.jpg,bbps-2-3,Train,hyper-kvasir\labeled-images\lower-gi-tract\quality-of-mucosal-views\bbps-2-3,5a43c182-4009-411a-82a2-0c147f20af3f.jpg,impacted-stool,Validation,hyper-kvasir\labeled-images\lower-gi-tract\quality-of-mucosal-views\impacted-stool
232,0.6791878342628479,e8e5ea8f-b833-44a8-ae3a-be63ab8c663b.jpg,bbps-2-3,Validation,hyper-kvasir\labeled-images\lower-gi-tract\quality-of-mucosal-views\bbps-2-3,5fc0d240-137f-4d0a-9c0e-861a8a9c98fa.jpg,impacted-stool,Train,hyper-kvasir\labeled-images\lower-gi-tract\quality-of-mucosal-views\impacted-stool
237,0.6789230704307556,275d5c2b-079b-430e-b122-0ff4aebb536e.jpg,bbps-2-3,Train,hyper-kvasir\labeled-images\lower-gi-tract\quality-of-mucosal-views\bbps-2-3,5fc0d240-137f-4d0a-9c0e-861a8a9c98fa.jpg,impacted-stool,Train,hyper-kvasir\labeled-images\lower-gi-tract\quality-of-mucosal-views\impacted-stool
240,0.6785483956336975,3618075c-489a-4d23-8ca8-18344bdfdab1.jpg,bbps-2-3,Validation,hyper-kvasir\labeled-images\lower-gi-tract\quality-of-mucosal-views\bbps-2-3,a5e7b6f1-f4fd-4ba4-a1bf-786a88b52c55.jpg,impacted-stool,Validation,hyper-kvasir\labeled-images\lower-gi-tract\quality-of-mucosal-views\impacted-stool
218,0.6780202388763428,61934b4a-ee72-4111-92ed-391622ef5f4f.jpg,bbps-2-3,Validation,hyper-kvasir\labeled-images\lower-gi-tract\quality-of-mucosal-views\bbps-2-3,8e4b0b49-b0d7-4401-b989-c634129929f1.jpg,impacted-stool,Validation,hyper-kvasir\labeled-images\lower-gi-tract\quality-of-mucosal-views\impacted-stool
234,0.6779102683067322,275d5c2b-079b-430e-b122-0ff4aebb536e.jpg,bbps-2-3,Train,hyper-kvasir\labeled-images\lower-gi-tract\quality-of-mucosal-views\bbps-2-3,78fcc85d-42ef-41ec-8d06-c048e9d95c1f.jpg,impacted-stool,Validation,hyper-kvasir\labeled-images\lower-gi-tract\quality-of-mucosal-views\impacted-stool
239,0.6771672368049622,3618075c-489a-4d23-8ca8-18344bdfdab1.jpg,bbps-2-3,Validation,hyper-kvasir\labeled-images\lower-gi-tract\quality-of-mucosal-views\bbps-2-3,5fc0d240-137f-4d0a-9c0e-861a8a9c98fa.jpg,impacted-stool,Train,hyper-kvasir\labeled-images\lower-gi-tract\quality-of-mucosal-views\impacted-stool
224,0.6761485934257507,380ae8d7-0488-43d4-8f42-4cde6e30d657.jpg,bbps-2-3,Validation,hyper-kvasir\labeled-images\lower-gi-tract\quality-of-mucosal-views\bbps-2-3,5fc0d240-137f-4d0a-9c0e-861a8a9c98fa.jpg,impacted-stool,Train,hyper-kvasir\labeled-images\lower-gi-tract\quality-of-mucosal-views\impacted-stool
238,0.6756963729858398,18f9a5a9-3a60-40d5-b215-c1f557642a8b.jpg,bbps-2-3,Validation,hyper-kvasir\labeled-images\lower-gi-tract\quality-of-mucosal-views\bbps-2-3,5fc0d240-137f-4d0a-9c0e-861a8a9c98fa.jpg,impacted-stool,Train,hyper-kvasir\labeled-images\lower-gi-tract\quality-of-mucosal-views\impacted-stool
241,0.6755216121673584,f936207d-dd66-4070-b403-75b7acd55f3a.jpg,bbps-2-3,Train,hyper-kvasir\labeled-images\lower-gi-tract\quality-of-mucosal-views\bbps-2-3,5fc0d240-137f-4d0a-9c0e-861a8a9c98fa.jpg,impacted-stool,Train,hyper-kvasir\labeled-images\lower-gi-tract\quality-of-mucosal-views\impacted-stool
221,0.6751082539558411,5025730a-3f5c-4e7e-ba5e-06f82bb7e7a6.jpg,bbps-2-3,Train,hyper-kvasir\labeled-images\lower-gi-tract\quality-of-mucosal-views\bbps-2-3,8eed88fd-93b3-4de1-b91c-2e730f0adc45.jpg,impacted-stool,Train,hyper-kvasir\labeled-images\lower-gi-tract\quality-of-mucosal-views\impacted-stool
231,0.6681429743766785,72911464-ee8e-4c89-b6ce-056bf9389dec.jpg,bbps-2-3,Train,hyper-kvasir\labeled-images\lower-gi-tract\quality-of-mucosal-views\bbps-2-3,fd7f1cc4-a819-4253-b778-9ed68816d343.jpg,impacted-stool,Train,hyper-kvasir\labeled-images\lower-gi-tract\quality-of-mucosal-views\impacted-stool
230,0.6676428914070129,72911464-ee8e-4c89-b6ce-056bf9389dec.jpg,bbps-2-3,Train,hyper-kvasir\labeled-images\lower-gi-tract\quality-of-mucosal-views\bbps-2-3,7d20c1f8-8acc-44c7-a78a-0ada26940490.jpg,impacted-stool,Validation,hyper-kvasir\labeled-images\lower-gi-tract\quality-of-mucosal-views\impacted-stool
220,0.6651273369789124,72911464-ee8e-4c89-b6ce-056bf9389dec.jpg,bbps-2-3,Train,hyper-kvasir\labeled-images\lower-gi-tract\quality-of-mucosal-views\bbps-2-3,218f624e-3093-4f73-a026-56c7b97a8dff.jpg,impacted-stool,Validation,hyper-kvasir\labeled-images\lower-gi-tract\quality-of-mucosal-views\impacted-stool
289,0.6176974177360535,29890025-019b-4167-bd08-7c33d18a3402.jpg,ulcerative-colitis-grade-2,Train,hyper-kvasir\labeled-images\lower-gi-tract\pathological-findings\ulcerative-colitis-grade-2,89d1dd38-0d43-4d58-90c7-2764929062f9.jpg,ulcerative-colitis-grade-3,Validation,hyper-kvasir\labeled-images\lower-gi-tract\pathological-findings\ulcerative-colitis-grade-3
